Math,64,mutant-3,correct
Math,73,mutant-1,correct
Math,73,mutant-5,correct
Math,73,mutant-16,correct
Math,73,mutant-20,correct
Math,32,mutant-6,correct
Math,32,mutant-1,correct
Math,32,mutant-5,correct
Math,32,mutant-8,overfitting
Math,32,mutant-3,correct
Math,32,mutant-7,correct
Math,7,mutant-1,correct
Math,8,mutant-6,correct
Math,8,mutant-1,overfitting
Math,8,mutant-5,correct
Math,8,mutant-8,overfitting
Math,8,mutant-4,correct
Math,8,mutant-3,correct
Math,8,mutant-7,correct
Math,8,mutant-2,correct
Math,85,mutant-1,correct
Math,85,mutant-4,correct
Math,85,mutant-3,correct
Math,85,mutant-2,correct
Math,42,mutant-1,correct
Math,63,mutant-15,correct
Math,63,mutant-12,correct
Math,63,mutant-22,correct
Math,63,mutant-16,correct
Math,63,mutant-17,correct
Math,63,mutant-11,correct
Math,63,mutant-9,correct
Math,63,mutant-3,correct
Math,63,mutant-20,correct
Math,63,mutant-18,correct
Math,63,mutant-21,correct
Math,63,mutant-14,correct
Math,63,mutant-23,correct
Math,50,mutant-10,correct
Math,50,mutant-26,correct
Math,50,mutant-6,correct
Math,50,mutant-29,correct
Math,50,mutant-1,correct
Math,50,mutant-30,correct
Math,50,mutant-27,correct
Math,50,mutant-5,correct
Math,50,mutant-38,correct
Math,50,mutant-15,correct
Math,50,mutant-12,correct
Math,50,mutant-22,correct
Math,50,mutant-16,correct
Math,50,mutant-8,correct
Math,50,mutant-4,correct
Math,50,mutant-34,correct
Math,50,mutant-17,correct
Math,50,mutant-11,correct
Math,50,mutant-9,correct
Math,50,mutant-3,correct
Math,50,mutant-20,correct
Math,50,mutant-18,correct
Math,50,mutant-21,correct
Math,50,mutant-36,correct
Math,50,mutant-24,correct
Math,50,mutant-37,correct
Math,50,mutant-35,correct
Math,50,mutant-7,correct
Math,50,mutant-25,correct
Math,50,mutant-14,correct
Math,50,mutant-23,correct
Math,50,mutant-19,correct
Math,50,mutant-2,correct
Math,50,mutant-28,correct
Math,50,mutant-39,correct
Math,50,mutant-32,correct
Math,50,mutant-31,correct
Math,50,mutant-33,correct
Math,50,mutant-13,correct
Math,50,mutant-40,correct
Math,28,mutant-10,correct
Math,28,mutant-26,correct
Math,28,mutant-6,correct
Math,28,mutant-29,correct
Math,28,mutant-1,correct
Math,28,mutant-30,correct
Math,28,mutant-27,correct
Math,28,mutant-5,correct
Math,28,mutant-38,correct
Math,28,mutant-15,correct
Math,28,mutant-12,correct
Math,28,mutant-22,correct
Math,28,mutant-16,correct
Math,28,mutant-8,correct
Math,28,mutant-4,correct
Math,28,mutant-34,correct
Math,28,mutant-17,correct
Math,28,mutant-41,correct
Math,28,mutant-11,correct
Math,28,mutant-9,correct
Math,28,mutant-3,correct
Math,28,mutant-20,correct
Math,28,mutant-18,correct
Math,28,mutant-21,correct
Math,28,mutant-24,correct
Math,28,mutant-37,correct
Math,28,mutant-35,correct
Math,28,mutant-7,correct
Math,28,mutant-25,correct
Math,28,mutant-19,correct
Math,28,mutant-2,correct
Math,28,mutant-28,correct
Math,28,mutant-39,correct
Math,28,mutant-32,correct
Math,28,mutant-31,correct
Math,28,mutant-33,correct
Math,28,mutant-13,correct
Math,28,mutant-40,correct
Math,84,mutant-1,correct
Math,84,mutant-3,correct
Math,84,mutant-2,correct
Math,78,mutant-10,correct
Math,78,mutant-6,correct
Math,78,mutant-1,correct
Math,78,mutant-5,correct
Math,78,mutant-12,correct
Math,78,mutant-8,correct
Math,78,mutant-4,correct
Math,78,mutant-11,correct
Math,78,mutant-9,correct
Math,78,mutant-3,correct
Math,78,mutant-7,correct
Math,78,mutant-14,correct
Math,78,mutant-2,correct
Math,78,mutant-13,correct
Math,62,mutant-1,correct
Math,62,mutant-3,correct
Math,62,mutant-2,correct
Math,88,mutant-1,correct
Math,88,mutant-3,correct
Math,88,mutant-2,correct
Math,34,mutant-1,correct
Math,57,mutant-1,correct
Math,49,mutant-10,correct
Math,49,mutant-6,correct
Math,49,mutant-1,correct
Math,49,mutant-5,correct
Math,49,mutant-8,correct
Math,49,mutant-4,correct
Math,49,mutant-11,correct
Math,49,mutant-9,correct
Math,49,mutant-3,correct
Math,49,mutant-7,correct
Math,49,mutant-2,correct
Math,33,mutant-2,correct
Math,20,mutant-10,overfitting
Math,20,mutant-6,correct
Math,20,mutant-44,overfitting
Math,20,mutant-29,correct
Math,20,mutant-1,overfitting
Math,20,mutant-30,overfitting
Math,20,mutant-27,correct
Math,20,mutant-38,overfitting
Math,20,mutant-15,overfitting
Math,20,mutant-12,overfitting
Math,20,mutant-16,correct
Math,20,mutant-4,overfitting
Math,20,mutant-34,overfitting
Math,20,mutant-17,overfitting
Math,20,mutant-41,correct
Math,20,mutant-11,correct
Math,20,mutant-9,overfitting
Math,20,mutant-3,correct
Math,20,mutant-37,overfitting
Math,20,mutant-7,correct
Math,20,mutant-25,correct
Math,20,mutant-14,correct
Math,20,mutant-2,correct
Math,20,mutant-43,overfitting
Math,20,mutant-39,correct
Math,20,mutant-32,overfitting
Math,20,mutant-31,correct
Math,20,mutant-33,correct
Math,20,mutant-42,correct
Math,20,mutant-13,overfitting
Math,58,mutant-1,correct
Math,58,mutant-2,correct
Math,82,mutant-6,correct
Math,82,mutant-1,correct
Math,82,mutant-5,correct
Math,82,mutant-8,correct
Math,82,mutant-4,correct
Math,82,mutant-9,correct
Math,82,mutant-3,correct
Math,82,mutant-7,correct
Math,82,mutant-2,correct
Math,74,mutant-1,correct
Math,74,mutant-3,correct
Math,74,mutant-2,correct
Math,75,mutant-1,correct
Math,81,mutant-114,correct
Math,81,mutant-58,overfitting
Math,81,mutant-10,correct
Math,81,mutant-143,correct
Math,81,mutant-26,correct
Math,81,mutant-76,overfitting
Math,81,mutant-70,correct
Math,81,mutant-156,correct
Math,81,mutant-140,overfitting
Math,81,mutant-146,correct
Math,81,mutant-6,overfitting
Math,81,mutant-126,overfitting
Math,81,mutant-44,correct
Math,81,mutant-72,correct
Math,81,mutant-45,correct
Math,81,mutant-141,correct
Math,81,mutant-29,overfitting
Math,81,mutant-77,overfitting
Math,81,mutant-1,correct
Math,81,mutant-157,correct
Math,81,mutant-124,correct
Math,81,mutant-152,correct
Math,81,mutant-130,overfitting
Math,81,mutant-119,correct
Math,81,mutant-54,overfitting
Math,81,mutant-111,correct
Math,81,mutant-94,overfitting
Math,81,mutant-107,correct
Math,81,mutant-147,correct
Math,81,mutant-30,correct
Math,81,mutant-128,correct
Math,81,mutant-138,correct
Math,81,mutant-27,overfitting
Math,81,mutant-142,correct
Math,81,mutant-5,correct
Math,81,mutant-38,correct
Math,81,mutant-47,correct
Math,81,mutant-104,correct
Math,81,mutant-61,correct
Math,81,mutant-15,overfitting
Math,81,mutant-120,overfitting
Math,81,mutant-116,correct
Math,81,mutant-84,correct
Math,81,mutant-79,correct
Math,81,mutant-150,correct
Math,81,mutant-12,overfitting
Math,81,mutant-118,overfitting
Math,81,mutant-59,correct
Math,81,mutant-22,correct
Math,81,mutant-56,correct
Math,81,mutant-132,correct
Math,81,mutant-16,correct
Math,81,mutant-102,correct
Math,81,mutant-90,overfitting
Math,81,mutant-93,correct
Math,81,mutant-149,correct
Math,81,mutant-125,correct
Math,81,mutant-8,correct
Math,81,mutant-62,correct
Math,81,mutant-80,correct
Math,81,mutant-144,correct
Math,81,mutant-89,correct
Math,81,mutant-34,overfitting
Math,81,mutant-49,correct
Math,81,mutant-85,correct
Math,81,mutant-105,correct
Math,81,mutant-97,correct
Math,81,mutant-48,correct
Math,81,mutant-55,correct
Math,81,mutant-136,overfitting
Math,81,mutant-110,correct
Math,81,mutant-64,correct
Math,81,mutant-154,overfitting
Math,81,mutant-123,correct
Math,81,mutant-17,correct
Math,81,mutant-65,correct
Math,81,mutant-41,correct
Math,81,mutant-121,correct
Math,81,mutant-134,correct
Math,81,mutant-108,correct
Math,81,mutant-75,overfitting
Math,81,mutant-66,correct
Math,81,mutant-11,overfitting
Math,81,mutant-9,correct
Math,81,mutant-63,overfitting
Math,81,mutant-151,correct
Math,81,mutant-133,correct
Math,81,mutant-95,overfitting
Math,81,mutant-3,correct
Math,81,mutant-106,correct
Math,81,mutant-69,correct
Math,81,mutant-153,correct
Math,81,mutant-83,correct
Math,81,mutant-50,correct
Math,81,mutant-127,correct
Math,81,mutant-100,correct
Math,81,mutant-68,overfitting
Math,81,mutant-88,correct
Math,81,mutant-109,correct
Math,81,mutant-20,correct
Math,81,mutant-122,correct
Math,81,mutant-67,correct
Math,81,mutant-81,overfitting
Math,81,mutant-131,overfitting
Math,81,mutant-18,correct
Math,81,mutant-21,overfitting
Math,81,mutant-78,correct
Math,81,mutant-117,overfitting
Math,81,mutant-86,overfitting
Math,81,mutant-57,correct
Math,81,mutant-36,correct
Math,81,mutant-24,correct
Math,81,mutant-115,correct
Math,81,mutant-92,correct
Math,81,mutant-112,overfitting
Math,81,mutant-148,overfitting
Math,81,mutant-145,correct
Math,81,mutant-137,overfitting
Math,81,mutant-155,overfitting
Math,81,mutant-37,correct
Math,81,mutant-71,correct
Math,81,mutant-91,overfitting
Math,81,mutant-113,correct
Math,81,mutant-51,overfitting
Math,81,mutant-35,correct
Math,81,mutant-87,correct
Math,81,mutant-7,correct
Math,81,mutant-25,correct
Math,81,mutant-14,overfitting
Math,81,mutant-23,overfitting
Math,81,mutant-103,correct
Math,81,mutant-73,correct
Math,81,mutant-74,overfitting
Math,81,mutant-19,correct
Math,81,mutant-2,correct
Math,81,mutant-28,overfitting
Math,81,mutant-101,overfitting
Math,81,mutant-135,overfitting
Math,81,mutant-43,correct
Math,81,mutant-129,overfitting
Math,81,mutant-39,correct
Math,81,mutant-60,correct
Math,81,mutant-32,correct
Math,81,mutant-98,correct
Math,81,mutant-31,correct
Math,81,mutant-99,overfitting
Math,81,mutant-46,overfitting
Math,81,mutant-82,correct
Math,81,mutant-33,overfitting
Math,81,mutant-42,correct
Math,81,mutant-13,overfitting
Math,81,mutant-40,correct
Math,6,mutant-1,correct
Math,6,mutant-2,correct
Math,101,mutant-6,overfitting
Math,59,mutant-1,correct
Math,5,mutant-1,correct
Math,5,mutant-3,correct
Math,5,mutant-2,correct
Math,71,mutant-10,correct
Math,71,mutant-26,correct
Math,71,mutant-6,correct
Math,71,mutant-1,correct
Math,71,mutant-27,correct
Math,71,mutant-5,correct
Math,71,mutant-15,correct
Math,71,mutant-12,correct
Math,71,mutant-22,correct
Math,71,mutant-16,correct
Math,71,mutant-8,correct
Math,71,mutant-4,correct
Math,71,mutant-17,correct
Math,71,mutant-11,correct
Math,71,mutant-9,correct
Math,71,mutant-3,correct
Math,71,mutant-20,correct
Math,71,mutant-18,correct
Math,71,mutant-21,correct
Math,71,mutant-24,correct
Math,71,mutant-7,correct
Math,71,mutant-25,correct
Math,71,mutant-14,correct
Math,71,mutant-23,correct
Math,71,mutant-19,correct
Math,71,mutant-2,correct
Math,71,mutant-13,correct
Math,65,mutant-1,correct
Math,60,mutant-1,correct
Math,80,mutant-10,correct
Math,80,mutant-26,correct
Math,80,mutant-29,correct
Math,80,mutant-1,correct
Math,80,mutant-30,correct
Math,80,mutant-27,overfitting
Math,80,mutant-38,overfitting
Math,80,mutant-15,overfitting
Math,80,mutant-12,correct
Math,80,mutant-8,overfitting
Math,80,mutant-4,correct
Math,80,mutant-34,correct
Math,80,mutant-11,correct
Math,80,mutant-20,correct
Math,80,mutant-18,correct
Math,80,mutant-21,overfitting
Math,80,mutant-36,overfitting
Math,80,mutant-24,correct
Math,80,mutant-37,correct
Math,80,mutant-35,correct
Math,80,mutant-25,correct
Math,80,mutant-14,correct
Math,80,mutant-23,overfitting
Math,80,mutant-19,overfitting
Math,80,mutant-2,correct
Math,80,mutant-28,correct
Math,80,mutant-32,overfitting
Math,80,mutant-31,correct
Math,80,mutant-33,correct
Math,40,mutant-1,correct
Math,40,mutant-4,overfitting
Math,40,mutant-3,overfitting
Math,29,mutant-1,overfitting
Math,29,mutant-3,overfitting
Math,29,mutant-2,overfitting
Math,2,mutant-10,overfitting
Math,2,mutant-6,overfitting
Math,2,mutant-5,correct
Math,2,mutant-12,overfitting
Math,2,mutant-16,overfitting
Math,2,mutant-4,overfitting
Math,2,mutant-9,overfitting
Math,2,mutant-3,overfitting
Math,2,mutant-7,overfitting
Math,104,mutant-1,correct
Math,18,mutant-10,correct
Math,18,mutant-8,correct
Math,95,mutant-6,correct
Math,95,mutant-1,correct
Math,95,mutant-5,correct
Math,95,mutant-4,correct
Math,95,mutant-3,correct
Math,95,mutant-7,overfitting
Math,95,mutant-2,overfitting
Math,70,mutant-3,correct
Time,24,mutant-1,correct
Time,24,mutant-3,correct
Time,24,mutant-2,correct
Time,11,mutant-26,correct
Time,11,mutant-29,correct
Time,11,mutant-1,correct
Time,11,mutant-27,correct
Time,11,mutant-5,correct
Time,11,mutant-38,correct
Time,11,mutant-15,correct
Time,11,mutant-12,correct
Time,11,mutant-22,correct
Time,11,mutant-16,correct
Time,11,mutant-4,correct
Time,11,mutant-34,correct
Time,11,mutant-41,correct
Time,11,mutant-9,correct
Time,11,mutant-3,correct
Time,11,mutant-20,correct
Time,11,mutant-21,correct
Time,11,mutant-36,correct
Time,11,mutant-24,correct
Time,11,mutant-37,correct
Time,11,mutant-35,correct
Time,11,mutant-25,correct
Time,11,mutant-14,correct
Time,11,mutant-23,correct
Time,11,mutant-19,correct
Time,11,mutant-2,correct
Time,11,mutant-39,correct
Time,11,mutant-32,correct
Time,11,mutant-31,correct
Time,11,mutant-33,correct
Time,11,mutant-13,correct
Time,11,mutant-40,correct
Time,20,mutant-1,overfitting
Time,20,mutant-3,overfitting
Time,20,mutant-2,overfitting
Time,19,mutant-1,correct
Time,19,mutant-2,correct
Time,4,mutant-10,overfitting
Time,4,mutant-6,overfitting
Time,4,mutant-1,overfitting
Time,4,mutant-5,overfitting
Time,4,mutant-8,overfitting
Time,4,mutant-4,overfitting
Time,4,mutant-7,overfitting
Time,14,mutant-1,overfitting
Time,17,mutant-1,correct
Time,17,mutant-2,correct
Lang,7,mutant-1,correct
Lang,7,mutant-5,correct
Lang,7,mutant-4,correct
Lang,7,mutant-3,correct
Lang,7,mutant-2,correct
Lang,31,mutant-1,correct
Lang,27,mutant-10,correct
Lang,27,mutant-5,correct
Lang,27,mutant-8,correct
Lang,27,mutant-4,correct
Lang,27,mutant-17,correct
Lang,27,mutant-11,correct
Lang,27,mutant-9,correct
Lang,27,mutant-7,correct
Lang,63,mutant-10,correct
Lang,63,mutant-26,correct
Lang,63,mutant-6,correct
Lang,63,mutant-29,correct
Lang,63,mutant-1,correct
Lang,63,mutant-30,correct
Lang,63,mutant-27,correct
Lang,63,mutant-5,correct
Lang,63,mutant-15,correct
Lang,63,mutant-12,correct
Lang,63,mutant-22,correct
Lang,63,mutant-16,correct
Lang,63,mutant-8,correct
Lang,63,mutant-4,correct
Lang,63,mutant-17,correct
Lang,63,mutant-11,correct
Lang,63,mutant-9,correct
Lang,63,mutant-20,correct
Lang,63,mutant-18,correct
Lang,63,mutant-21,correct
Lang,63,mutant-24,correct
Lang,63,mutant-7,correct
Lang,63,mutant-25,correct
Lang,63,mutant-14,correct
Lang,63,mutant-23,correct
Lang,63,mutant-19,correct
Lang,63,mutant-2,correct
Lang,63,mutant-28,correct
Lang,63,mutant-31,correct
Lang,63,mutant-13,correct
Lang,57,mutant-1,correct
Lang,57,mutant-3,correct
Lang,57,mutant-2,correct
Lang,33,mutant-1,correct
Lang,58,mutant-1,correct
Lang,51,mutant-1,correct
Lang,51,mutant-2,correct
Lang,6,mutant-1,correct
Lang,39,mutant-10,correct
Lang,39,mutant-6,correct
Lang,39,mutant-1,correct
Lang,39,mutant-5,correct
Lang,39,mutant-12,correct
Lang,39,mutant-8,correct
Lang,39,mutant-4,correct
Lang,39,mutant-11,correct
Lang,39,mutant-9,correct
Lang,39,mutant-3,correct
Lang,39,mutant-7,correct
Lang,39,mutant-2,correct
Lang,59,mutant-1,correct
Lang,59,mutant-2,correct
Lang,44,mutant-1,correct
Lang,44,mutant-5,correct
Lang,44,mutant-4,correct
Lang,44,mutant-3,correct
Lang,44,mutant-2,correct
Lang,10,mutant-10,correct
Lang,10,mutant-6,correct
Lang,10,mutant-1,correct
Lang,10,mutant-8,correct
Lang,10,mutant-9,correct
Lang,10,mutant-3,correct
Lang,10,mutant-7,correct
Lang,22,mutant-1,correct
Lang,22,mutant-2,correct
Lang,60,mutant-1,correct
Lang,60,mutant-3,correct
Lang,60,mutant-2,correct
Lang,61,mutant-1,correct
Lang,26,mutant-1,correct
Lang,43,mutant-5,correct
Chart,24,mutant-1,correct
Chart,24,mutant-2,correct
Chart,7,mutant-10,correct
Chart,7,mutant-6,correct
Chart,7,mutant-1,correct
Chart,7,mutant-5,correct
Chart,7,mutant-15,correct
Chart,7,mutant-12,correct
Chart,7,mutant-16,correct
Chart,7,mutant-8,correct
Chart,7,mutant-4,correct
Chart,7,mutant-11,correct
Chart,7,mutant-9,correct
Chart,7,mutant-3,correct
Chart,7,mutant-7,correct
Chart,7,mutant-14,correct
Chart,7,mutant-2,correct
Chart,7,mutant-13,correct
Chart,8,mutant-3,correct
Chart,8,mutant-7,correct
Chart,3,mutant-1,correct
Chart,11,mutant-1,correct
Chart,11,mutant-2,correct
Chart,20,mutant-1,correct
Chart,15,mutant-1,overfitting
Chart,12,mutant-1,correct
Chart,12,mutant-2,overfitting
Chart,4,mutant-1,correct
Chart,4,mutant-3,correct
Chart,4,mutant-2,correct
Chart,5,mutant-1,correct
Chart,5,mutant-2,correct
Chart,1,mutant-1,overfitting
Chart,1,mutant-2,correct
Chart,26,mutant-58,correct
Chart,26,mutant-10,correct
Chart,26,mutant-26,correct
Chart,26,mutant-76,correct
Chart,26,mutant-70,correct
Chart,26,mutant-6,correct
Chart,26,mutant-44,correct
Chart,26,mutant-72,overfitting
Chart,26,mutant-45,correct
Chart,26,mutant-29,correct
Chart,26,mutant-77,overfitting
Chart,26,mutant-1,overfitting
Chart,26,mutant-54,correct
Chart,26,mutant-111,correct
Chart,26,mutant-94,correct
Chart,26,mutant-107,overfitting
Chart,26,mutant-30,overfitting
Chart,26,mutant-27,correct
Chart,26,mutant-5,correct
Chart,26,mutant-38,correct
Chart,26,mutant-47,correct
Chart,26,mutant-104,correct
Chart,26,mutant-61,overfitting
Chart,26,mutant-15,correct
Chart,26,mutant-84,correct
Chart,26,mutant-79,overfitting
Chart,26,mutant-12,correct
Chart,26,mutant-59,overfitting
Chart,26,mutant-22,correct
Chart,26,mutant-56,correct
Chart,26,mutant-16,correct
Chart,26,mutant-102,correct
Chart,26,mutant-90,correct
Chart,26,mutant-93,correct
Chart,26,mutant-8,correct
Chart,26,mutant-62,correct
Chart,26,mutant-80,correct
Chart,26,mutant-89,correct
Chart,26,mutant-4,correct
Chart,26,mutant-34,correct
Chart,26,mutant-49,overfitting
Chart,26,mutant-105,correct
Chart,26,mutant-97,correct
Chart,26,mutant-48,overfitting
Chart,26,mutant-55,overfitting
Chart,26,mutant-64,correct
Chart,26,mutant-17,correct
Chart,26,mutant-65,correct
Chart,26,mutant-41,correct
Chart,26,mutant-108,overfitting
Chart,26,mutant-75,correct
Chart,26,mutant-66,correct
Chart,26,mutant-11,correct
Chart,26,mutant-9,correct
Chart,26,mutant-63,overfitting
Chart,26,mutant-95,correct
Chart,26,mutant-3,correct
Chart,26,mutant-106,correct
Chart,26,mutant-69,correct
Chart,26,mutant-50,correct
Chart,26,mutant-100,correct
Chart,26,mutant-68,correct
Chart,26,mutant-88,correct
Chart,26,mutant-109,correct
Chart,26,mutant-20,overfitting
Chart,26,mutant-18,correct
Chart,26,mutant-21,correct
Chart,26,mutant-78,correct
Chart,26,mutant-86,correct
Chart,26,mutant-57,correct
Chart,26,mutant-36,overfitting
Chart,26,mutant-24,correct
Chart,26,mutant-92,correct
Chart,26,mutant-52,correct
Chart,26,mutant-37,correct
Chart,26,mutant-71,correct
Chart,26,mutant-91,overfitting
Chart,26,mutant-51,correct
Chart,26,mutant-35,correct
Chart,26,mutant-7,correct
Chart,26,mutant-25,correct
Chart,26,mutant-14,correct
Chart,26,mutant-23,correct
Chart,26,mutant-103,correct
Chart,26,mutant-73,correct
Chart,26,mutant-74,correct
Chart,26,mutant-19,correct
Chart,26,mutant-2,overfitting
Chart,26,mutant-28,correct
Chart,26,mutant-101,correct
Chart,26,mutant-43,correct
Chart,26,mutant-53,correct
Chart,26,mutant-39,correct
Chart,26,mutant-60,correct
Chart,26,mutant-32,correct
Chart,26,mutant-98,correct
Chart,26,mutant-31,overfitting
Chart,26,mutant-99,correct
Chart,26,mutant-46,correct
Chart,26,mutant-33,correct
Chart,26,mutant-42,correct
Chart,26,mutant-13,correct
Chart,26,mutant-40,overfitting
Chart,13,mutant-10,overfitting
Chart,13,mutant-6,correct
Chart,13,mutant-1,correct
Chart,13,mutant-5,correct
Chart,13,mutant-12,correct
Chart,13,mutant-8,correct
Chart,13,mutant-4,overfitting
Chart,13,mutant-11,correct
Chart,13,mutant-9,correct
Chart,13,mutant-3,correct
Chart,13,mutant-7,correct
Chart,13,mutant-2,overfitting
Chart,13,mutant-13,correct
Chart,25,mutant-58,correct
Chart,25,mutant-238,correct
Chart,25,mutant-259,correct
Chart,25,mutant-10,correct
Chart,25,mutant-143,correct
Chart,25,mutant-26,correct
Chart,25,mutant-76,correct
Chart,25,mutant-244,correct
Chart,25,mutant-205,correct
Chart,25,mutant-70,correct
Chart,25,mutant-247,correct
Chart,25,mutant-146,correct
Chart,25,mutant-6,correct
Chart,25,mutant-126,correct
Chart,25,mutant-165,correct
Chart,25,mutant-229,correct
Chart,25,mutant-160,correct
Chart,25,mutant-44,correct
Chart,25,mutant-72,correct
Chart,25,mutant-45,correct
Chart,25,mutant-268,correct
Chart,25,mutant-29,correct
Chart,25,mutant-77,correct
Chart,25,mutant-1,correct
Chart,25,mutant-195,correct
Chart,25,mutant-196,correct
Chart,25,mutant-251,correct
Chart,25,mutant-262,correct
Chart,25,mutant-124,correct
Chart,25,mutant-167,correct
Chart,25,mutant-226,correct
Chart,25,mutant-269,correct
Chart,25,mutant-249,correct
Chart,25,mutant-130,correct
Chart,25,mutant-256,correct
Chart,25,mutant-219,correct
Chart,25,mutant-54,correct
Chart,25,mutant-221,correct
Chart,25,mutant-111,correct
Chart,25,mutant-230,correct
Chart,25,mutant-261,correct
Chart,25,mutant-215,correct
Chart,25,mutant-206,correct
Chart,25,mutant-208,correct
Chart,25,mutant-147,correct
Chart,25,mutant-204,correct
Chart,25,mutant-162,correct
Chart,25,mutant-209,correct
Chart,25,mutant-30,correct
Chart,25,mutant-128,correct
Chart,25,mutant-222,correct
Chart,25,mutant-236,correct
Chart,25,mutant-185,correct
Chart,25,mutant-27,correct
Chart,25,mutant-142,correct
Chart,25,mutant-246,correct
Chart,25,mutant-5,correct
Chart,25,mutant-38,correct
Chart,25,mutant-47,correct
Chart,25,mutant-61,correct
Chart,25,mutant-15,correct
Chart,25,mutant-120,correct
Chart,25,mutant-270,correct
Chart,25,mutant-193,correct
Chart,25,mutant-116,correct
Chart,25,mutant-84,correct
Chart,25,mutant-79,correct
Chart,25,mutant-254,correct
Chart,25,mutant-150,correct
Chart,25,mutant-159,correct
Chart,25,mutant-12,correct
Chart,25,mutant-272,correct
Chart,25,mutant-59,correct
Chart,25,mutant-22,correct
Chart,25,mutant-210,overfitting
Chart,25,mutant-56,correct
Chart,25,mutant-132,correct
Chart,25,mutant-16,correct
Chart,25,mutant-197,correct
Chart,25,mutant-90,correct
Chart,25,mutant-275,correct
Chart,25,mutant-93,correct
Chart,25,mutant-149,correct
Chart,25,mutant-199,correct
Chart,25,mutant-125,correct
Chart,25,mutant-8,correct
Chart,25,mutant-62,correct
Chart,25,mutant-168,correct
Chart,25,mutant-80,correct
Chart,25,mutant-144,correct
Chart,25,mutant-240,correct
Chart,25,mutant-248,correct
Chart,25,mutant-89,correct
Chart,25,mutant-4,correct
Chart,25,mutant-212,correct
Chart,25,mutant-34,correct
Chart,25,mutant-49,correct
Chart,25,mutant-223,correct
Chart,25,mutant-85,correct
Chart,25,mutant-105,correct
Chart,25,mutant-253,correct
Chart,25,mutant-273,correct
Chart,25,mutant-171,correct
Chart,25,mutant-48,correct
Chart,25,mutant-55,correct
Chart,25,mutant-258,correct
Chart,25,mutant-183,correct
Chart,25,mutant-110,correct
Chart,25,mutant-211,overfitting
Chart,25,mutant-64,correct
Chart,25,mutant-207,correct
Chart,25,mutant-154,correct
Chart,25,mutant-123,correct
Chart,25,mutant-17,correct
Chart,25,mutant-65,correct
Chart,25,mutant-239,correct
Chart,25,mutant-231,correct
Chart,25,mutant-41,correct
Chart,25,mutant-200,correct
Chart,25,mutant-121,correct
Chart,25,mutant-134,correct
Chart,25,mutant-75,correct
Chart,25,mutant-66,correct
Chart,25,mutant-11,correct
Chart,25,mutant-9,correct
Chart,25,mutant-63,correct
Chart,25,mutant-203,overfitting
Chart,25,mutant-252,correct
Chart,25,mutant-133,correct
Chart,25,mutant-266,correct
Chart,25,mutant-232,correct
Chart,25,mutant-164,correct
Chart,25,mutant-95,correct
Chart,25,mutant-3,correct
Chart,25,mutant-255,correct
Chart,25,mutant-174,correct
Chart,25,mutant-220,correct
Chart,25,mutant-190,correct
Chart,25,mutant-69,correct
Chart,25,mutant-153,correct
Chart,25,mutant-201,correct
Chart,25,mutant-241,correct
Chart,25,mutant-227,correct
Chart,25,mutant-83,correct
Chart,25,mutant-50,correct
Chart,25,mutant-198,correct
Chart,25,mutant-191,correct
Chart,25,mutant-186,correct
Chart,25,mutant-127,correct
Chart,25,mutant-100,correct
Chart,25,mutant-68,correct
Chart,25,mutant-176,correct
Chart,25,mutant-88,correct
Chart,25,mutant-109,correct
Chart,25,mutant-20,correct
Chart,25,mutant-161,correct
Chart,25,mutant-250,correct
Chart,25,mutant-122,correct
Chart,25,mutant-67,correct
Chart,25,mutant-194,correct
Chart,25,mutant-202,correct
Chart,25,mutant-81,correct
Chart,25,mutant-257,correct
Chart,25,mutant-131,correct
Chart,25,mutant-18,correct
Chart,25,mutant-21,correct
Chart,25,mutant-169,correct
Chart,25,mutant-78,correct
Chart,25,mutant-243,correct
Chart,25,mutant-86,correct
Chart,25,mutant-235,correct
Chart,25,mutant-242,correct
Chart,25,mutant-57,correct
Chart,25,mutant-36,correct
Chart,25,mutant-263,correct
Chart,25,mutant-265,correct
Chart,25,mutant-245,correct
Chart,25,mutant-163,correct
Chart,25,mutant-24,correct
Chart,25,mutant-170,correct
Chart,25,mutant-224,correct
Chart,25,mutant-112,correct
Chart,25,mutant-52,correct
Chart,25,mutant-148,correct
Chart,25,mutant-145,correct
Chart,25,mutant-155,overfitting
Chart,25,mutant-233,correct
Chart,25,mutant-37,correct
Chart,25,mutant-71,correct
Chart,25,mutant-113,correct
Chart,25,mutant-192,correct
Chart,25,mutant-274,correct
Chart,25,mutant-51,correct
Chart,25,mutant-35,correct
Chart,25,mutant-87,correct
Chart,25,mutant-7,correct
Chart,25,mutant-25,correct
Chart,25,mutant-14,correct
Chart,25,mutant-23,correct
Chart,25,mutant-237,correct
Chart,25,mutant-73,correct
Chart,25,mutant-74,correct
Chart,25,mutant-19,correct
Chart,25,mutant-218,correct
Chart,25,mutant-2,correct
Chart,25,mutant-225,correct
Chart,25,mutant-228,correct
Chart,25,mutant-267,correct
Chart,25,mutant-28,correct
Chart,25,mutant-139,correct
Chart,25,mutant-234,correct
Chart,25,mutant-101,correct
Chart,25,mutant-135,correct
Chart,25,mutant-43,correct
Chart,25,mutant-129,correct
Chart,25,mutant-53,correct
Chart,25,mutant-39,correct
Chart,25,mutant-60,correct
Chart,25,mutant-32,correct
Chart,25,mutant-187,correct
Chart,25,mutant-166,overfitting
Chart,25,mutant-31,correct
Chart,25,mutant-46,correct
Chart,25,mutant-82,correct
Chart,25,mutant-33,correct
Chart,25,mutant-42,correct
Chart,25,mutant-13,correct
Chart,25,mutant-40,correct
Closure,64,mutant-1,correct
Closure,64,mutant-2,correct
Closure,7,mutant-6,correct
Closure,7,mutant-1,correct
Closure,7,mutant-5,correct
Closure,7,mutant-4,correct
Closure,7,mutant-3,correct
Closure,7,mutant-7,overfitting
Closure,7,mutant-2,correct
Closure,126,mutant-10,overfitting
Closure,126,mutant-6,correct
Closure,126,mutant-1,correct
Closure,126,mutant-5,overfitting
Closure,126,mutant-12,overfitting
Closure,126,mutant-8,correct
Closure,126,mutant-4,correct
Closure,126,mutant-11,correct
Closure,126,mutant-9,correct
Closure,126,mutant-3,overfitting
Closure,126,mutant-7,correct
Closure,126,mutant-2,correct
Closure,123,mutant-1,correct
Closure,8,mutant-1,correct
Closure,8,mutant-4,correct
Closure,8,mutant-3,correct
Closure,8,mutant-2,correct
Closure,31,mutant-6,correct
Closure,31,mutant-1,correct
Closure,31,mutant-5,correct
Closure,31,mutant-8,correct
Closure,31,mutant-4,correct
Closure,31,mutant-9,correct
Closure,31,mutant-3,correct
Closure,31,mutant-7,correct
Closure,31,mutant-2,correct
Closure,3,mutant-1,correct
Closure,3,mutant-5,correct
Closure,3,mutant-4,correct
Closure,3,mutant-3,correct
Closure,3,mutant-2,correct
Closure,45,mutant-10,correct
Closure,45,mutant-6,correct
Closure,45,mutant-1,correct
Closure,45,mutant-5,correct
Closure,45,mutant-15,correct
Closure,45,mutant-12,correct
Closure,45,mutant-8,correct
Closure,45,mutant-4,correct
Closure,45,mutant-11,correct
Closure,45,mutant-9,correct
Closure,45,mutant-3,correct
Closure,45,mutant-7,correct
Closure,45,mutant-14,correct
Closure,45,mutant-2,correct
Closure,45,mutant-13,correct
Closure,42,mutant-1,correct
Closure,42,mutant-3,correct
Closure,42,mutant-2,correct
Closure,63,mutant-1,correct
Closure,63,mutant-2,correct
Closure,50,mutant-1,correct
Closure,50,mutant-4,correct
Closure,50,mutant-3,correct
Closure,50,mutant-2,correct
Closure,84,mutant-1,correct
Closure,84,mutant-3,correct
Closure,84,mutant-2,correct
Closure,62,mutant-1,correct
Closure,62,mutant-2,correct
Closure,122,mutant-1,correct
Closure,122,mutant-3,correct
Closure,122,mutant-2,correct
Closure,66,mutant-1,correct
Closure,66,mutant-3,correct
Closure,66,mutant-2,correct
Closure,130,mutant-6,correct
Closure,130,mutant-1,correct
Closure,130,mutant-5,correct
Closure,130,mutant-4,correct
Closure,130,mutant-3,correct
Closure,130,mutant-7,correct
Closure,130,mutant-2,correct
Closure,133,mutant-1,correct
Closure,11,mutant-10,correct
Closure,11,mutant-6,correct
Closure,11,mutant-1,correct
Closure,11,mutant-5,correct
Closure,11,mutant-15,correct
Closure,11,mutant-16,correct
Closure,11,mutant-8,correct
Closure,11,mutant-4,correct
Closure,11,mutant-11,correct
Closure,11,mutant-9,correct
Closure,11,mutant-3,correct
Closure,11,mutant-7,correct
Closure,11,mutant-14,correct
Closure,11,mutant-2,correct
Closure,11,mutant-13,overfitting
Closure,33,mutant-1,correct
Closure,33,mutant-3,correct
Closure,33,mutant-2,correct
Closure,120,mutant-6,correct
Closure,120,mutant-1,correct
Closure,120,mutant-5,correct
Closure,120,mutant-4,overfitting
Closure,120,mutant-3,overfitting
Closure,120,mutant-2,overfitting
Closure,109,mutant-6,correct
Closure,109,mutant-1,correct
Closure,109,mutant-5,correct
Closure,109,mutant-8,correct
Closure,109,mutant-4,overfitting
Closure,109,mutant-3,overfitting
Closure,109,mutant-7,correct
Closure,109,mutant-2,correct
Closure,81,mutant-1,correct
Closure,81,mutant-3,correct
Closure,81,mutant-2,correct
Closure,15,mutant-1,correct
Closure,15,mutant-5,correct
Closure,15,mutant-4,correct
Closure,15,mutant-3,correct
Closure,15,mutant-2,correct
Closure,12,mutant-6,correct
Closure,12,mutant-1,correct
Closure,12,mutant-5,correct
Closure,12,mutant-8,correct
Closure,12,mutant-4,correct
Closure,12,mutant-3,correct
Closure,12,mutant-7,correct
Closure,12,mutant-2,correct
Closure,46,mutant-6,correct
Closure,46,mutant-1,correct
Closure,46,mutant-5,correct
Closure,46,mutant-4,correct
Closure,46,mutant-3,correct
Closure,46,mutant-7,correct
Closure,46,mutant-2,correct
Closure,68,mutant-1,correct
Closure,115,mutant-10,correct
Closure,115,mutant-26,correct
Closure,115,mutant-6,overfitting
Closure,115,mutant-44,correct
Closure,115,mutant-29,correct
Closure,115,mutant-1,correct
Closure,115,mutant-30,correct
Closure,115,mutant-27,correct
Closure,115,mutant-5,correct
Closure,115,mutant-38,correct
Closure,115,mutant-15,correct
Closure,115,mutant-12,correct
Closure,115,mutant-22,correct
Closure,115,mutant-16,correct
Closure,115,mutant-8,correct
Closure,115,mutant-4,correct
Closure,115,mutant-34,correct
Closure,115,mutant-17,correct
Closure,115,mutant-41,correct
Closure,115,mutant-11,correct
Closure,115,mutant-9,correct
Closure,115,mutant-3,correct
Closure,115,mutant-20,correct
Closure,115,mutant-18,correct
Closure,115,mutant-21,correct
Closure,115,mutant-36,correct
Closure,115,mutant-24,correct
Closure,115,mutant-37,correct
Closure,115,mutant-35,correct
Closure,115,mutant-7,correct
Closure,115,mutant-25,correct
Closure,115,mutant-14,correct
Closure,115,mutant-19,correct
Closure,115,mutant-2,correct
Closure,115,mutant-28,correct
Closure,115,mutant-43,correct
Closure,115,mutant-39,correct
Closure,115,mutant-32,correct
Closure,115,mutant-31,overfitting
Closure,115,mutant-33,correct
Closure,115,mutant-42,correct
Closure,115,mutant-13,correct
Closure,115,mutant-40,correct
Closure,93,mutant-6,correct
Closure,93,mutant-1,correct
Closure,93,mutant-5,correct
Closure,93,mutant-2,correct
Closure,119,mutant-1,correct
Closure,119,mutant-3,correct
Closure,119,mutant-2,correct
Closure,21,mutant-10,correct
Closure,21,mutant-6,correct
Closure,21,mutant-1,correct
Closure,21,mutant-5,correct
Closure,21,mutant-15,correct
Closure,21,mutant-12,correct
Closure,21,mutant-16,correct
Closure,21,mutant-8,correct
Closure,21,mutant-4,correct
Closure,21,mutant-17,correct
Closure,21,mutant-11,correct
Closure,21,mutant-9,correct
Closure,21,mutant-3,correct
Closure,21,mutant-20,correct
Closure,21,mutant-18,correct
Closure,21,mutant-21,correct
Closure,21,mutant-7,correct
Closure,21,mutant-14,correct
Closure,21,mutant-19,correct
Closure,21,mutant-13,correct
Closure,101,mutant-6,correct
Closure,101,mutant-1,correct
Closure,101,mutant-5,correct
Closure,101,mutant-4,correct
Closure,101,mutant-3,correct
Closure,101,mutant-2,correct
Closure,108,mutant-1,correct
Closure,108,mutant-5,correct
Closure,108,mutant-4,correct
Closure,108,mutant-3,correct
Closure,108,mutant-2,correct
Closure,127,mutant-1,correct
Closure,127,mutant-5,correct
Closure,127,mutant-4,correct
Closure,127,mutant-3,correct
Closure,127,mutant-2,correct
Closure,36,mutant-6,correct
Closure,36,mutant-1,correct
Closure,36,mutant-5,correct
Closure,36,mutant-8,correct
Closure,36,mutant-4,correct
Closure,36,mutant-9,correct
Closure,36,mutant-3,correct
Closure,36,mutant-7,correct
Closure,36,mutant-2,correct
Closure,92,mutant-6,correct
Closure,92,mutant-1,correct
Closure,92,mutant-5,correct
Closure,92,mutant-2,correct
Closure,59,mutant-6,correct
Closure,59,mutant-1,correct
Closure,59,mutant-5,correct
Closure,59,mutant-4,correct
Closure,59,mutant-3,correct
Closure,59,mutant-7,correct
Closure,59,mutant-2,correct
Closure,124,mutant-1,correct
Closure,14,mutant-1,correct
Closure,5,mutant-1,correct
Closure,5,mutant-5,correct
Closure,5,mutant-4,correct
Closure,5,mutant-3,correct
Closure,5,mutant-2,correct
Closure,111,mutant-1,correct
Closure,111,mutant-4,correct
Closure,111,mutant-3,correct
Closure,111,mutant-2,correct
Closure,86,mutant-1,correct
Closure,86,mutant-3,correct
Closure,86,mutant-2,correct
Closure,38,mutant-1,correct
Closure,10,mutant-1,correct
Closure,10,mutant-4,correct
Closure,10,mutant-3,correct
Closure,10,mutant-2,overfitting
Closure,22,mutant-1,correct
Closure,1,mutant-1,overfitting
Closure,1,mutant-4,correct
Closure,1,mutant-3,correct
Closure,1,mutant-2,correct
Closure,30,mutant-1,correct
Closure,30,mutant-4,correct
Closure,30,mutant-3,correct
Closure,30,mutant-2,correct
Closure,121,mutant-6,correct
Closure,121,mutant-1,correct
Closure,121,mutant-5,correct
Closure,121,mutant-4,correct
Closure,121,mutant-3,correct
Closure,121,mutant-2,correct
Closure,125,mutant-1,correct
Closure,125,mutant-3,correct
Closure,125,mutant-2,correct
Closure,40,mutant-1,correct
Closure,40,mutant-2,correct
Closure,107,mutant-1,correct
Closure,107,mutant-4,correct
Closure,107,mutant-3,correct
Closure,107,mutant-2,correct
Closure,35,mutant-1,correct
Closure,35,mutant-2,correct
Closure,29,mutant-1,correct
Closure,29,mutant-4,correct
Closure,29,mutant-3,correct
Closure,29,mutant-2,correct
Closure,48,mutant-1,correct
Closure,48,mutant-5,correct
Closure,48,mutant-4,correct
Closure,48,mutant-3,correct
Closure,48,mutant-7,correct
Closure,48,mutant-2,correct
Closure,72,mutant-1,correct
Closure,72,mutant-5,correct
Closure,72,mutant-4,correct
Closure,72,mutant-3,correct
Closure,72,mutant-2,correct
Closure,2,mutant-6,correct
Closure,2,mutant-4,correct
Closure,13,mutant-10,correct
Closure,13,mutant-6,correct
Closure,13,mutant-1,correct
Closure,13,mutant-5,correct
Closure,13,mutant-12,correct
Closure,13,mutant-8,correct
Closure,13,mutant-4,correct
Closure,13,mutant-11,correct
Closure,13,mutant-9,correct
Closure,13,mutant-3,correct
Closure,13,mutant-7,correct
Closure,13,mutant-2,correct
Closure,13,mutant-13,correct
Closure,18,mutant-1,correct
Closure,129,mutant-10,correct
Closure,129,mutant-6,correct
Closure,129,mutant-1,correct
Closure,129,mutant-5,correct
Closure,129,mutant-12,overfitting
Closure,129,mutant-8,correct
Closure,129,mutant-4,correct
Closure,129,mutant-11,overfitting
Closure,129,mutant-9,correct
Closure,129,mutant-3,overfitting
Closure,129,mutant-7,correct
Closure,129,mutant-2,correct
Closure,129,mutant-13,correct
Closure,17,mutant-1,correct
Closure,17,mutant-4,correct
Closure,17,mutant-3,correct
Closure,17,mutant-2,correct
Closure,70,mutant-1,correct
Closure,76,mutant-1,correct
Closure,76,mutant-5,correct
Closure,76,mutant-4,correct
Closure,76,mutant-3,correct
Closure,76,mutant-2,correct
Mockito,8,mutant-6,correct
Mockito,8,mutant-5,correct
Mockito,8,mutant-4,correct
Mockito,8,mutant-3,correct
Mockito,8,mutant-2,correct
Mockito,28,mutant-1,correct
Mockito,15,mutant-1,correct
Mockito,5,mutant-3,correct
Mockito,38,mutant-3,correct
Mockito,38,mutant-2,correct
Mockito,29,mutant-1,correct
Mockito,29,mutant-2,correct
Closure,1,mutant-0,correct
Closure,2,mutant-0,correct
Closure,3,mutant-0,correct
Closure,4,mutant-0,correct
Closure,5,mutant-0,correct
Closure,6,mutant-0,correct
Closure,7,mutant-0,correct
Closure,8,mutant-0,correct
Closure,9,mutant-0,correct
Closure,10,mutant-0,correct
Closure,11,mutant-0,correct
Closure,12,mutant-0,correct
Closure,13,mutant-0,correct
Closure,14,mutant-0,correct
Closure,15,mutant-0,correct
Closure,16,mutant-0,correct
Closure,17,mutant-0,correct
Closure,18,mutant-0,correct
Closure,19,mutant-0,correct
Closure,20,mutant-0,correct
Closure,21,mutant-0,correct
Closure,22,mutant-0,correct
Closure,23,mutant-0,correct
Closure,24,mutant-0,correct
Closure,25,mutant-0,correct
Closure,26,mutant-0,correct
Closure,27,mutant-0,overfitting
Closure,28,mutant-0,correct
Closure,29,mutant-0,correct
Closure,30,mutant-0,overfitting
Closure,31,mutant-0,correct
Closure,32,mutant-0,correct
Closure,33,mutant-0,correct
Closure,34,mutant-0,correct
Closure,35,mutant-0,correct
Closure,36,mutant-0,correct
Closure,37,mutant-0,correct
Closure,38,mutant-0,correct
Closure,39,mutant-0,correct
Closure,40,mutant-0,correct
Closure,41,mutant-0,correct
Closure,42,mutant-0,correct
Closure,43,mutant-0,correct
Closure,44,mutant-0,correct
Closure,45,mutant-0,correct
Closure,46,mutant-0,correct
Closure,47,mutant-0,correct
Closure,48,mutant-0,correct
Closure,49,mutant-0,correct
Closure,50,mutant-0,correct
Closure,51,mutant-0,correct
Closure,52,mutant-0,correct
Closure,53,mutant-0,correct
Closure,54,mutant-0,correct
Closure,55,mutant-0,correct
Closure,56,mutant-0,correct
Closure,57,mutant-0,correct
Closure,58,mutant-0,correct
Closure,59,mutant-0,correct
Closure,60,mutant-0,correct
Closure,61,mutant-0,correct
Closure,62,mutant-0,correct
Closure,63,mutant-0,correct
Closure,64,mutant-0,correct
Closure,65,mutant-0,correct
Closure,66,mutant-0,correct
Closure,67,mutant-0,correct
Closure,68,mutant-0,correct
Closure,69,mutant-0,correct
Closure,70,mutant-0,correct
Closure,71,mutant-0,correct
Closure,72,mutant-0,correct
Closure,73,mutant-0,correct
Closure,74,mutant-0,correct
Closure,75,mutant-0,correct
Closure,76,mutant-0,correct
Closure,77,mutant-0,correct
Closure,78,mutant-0,correct
Closure,79,mutant-0,overfitting
Closure,80,mutant-0,correct
Closure,81,mutant-0,overfitting
Closure,82,mutant-0,overfitting
Closure,83,mutant-0,correct
Closure,84,mutant-0,correct
Closure,85,mutant-0,correct
Closure,86,mutant-0,correct
Closure,87,mutant-0,correct
Closure,88,mutant-0,correct
Closure,89,mutant-0,correct
Closure,90,mutant-0,correct
Closure,91,mutant-0,overfitting
Closure,92,mutant-0,correct
Closure,93,mutant-0,correct
Closure,94,mutant-0,overfitting
Closure,95,mutant-0,correct
Closure,96,mutant-0,correct
Closure,97,mutant-0,correct
Closure,98,mutant-0,correct
Closure,99,mutant-0,correct
Closure,100,mutant-0,correct
Closure,101,mutant-0,correct
Closure,102,mutant-0,correct
Closure,103,mutant-0,correct
Closure,104,mutant-0,overfitting
Closure,105,mutant-0,correct
Closure,106,mutant-0,correct
Closure,107,mutant-0,correct
Closure,108,mutant-0,correct
Closure,109,mutant-0,correct
Closure,110,mutant-0,overfitting
Closure,111,mutant-0,correct
Closure,112,mutant-0,correct
Closure,113,mutant-0,correct
Closure,114,mutant-0,correct
Closure,115,mutant-0,correct
Closure,116,mutant-0,correct
Closure,117,mutant-0,correct
Closure,118,mutant-0,correct
Closure,119,mutant-0,correct
Closure,120,mutant-0,correct
Closure,121,mutant-0,correct
Closure,122,mutant-0,correct
Closure,123,mutant-0,correct
Closure,124,mutant-0,correct
Closure,125,mutant-0,correct
Closure,126,mutant-0,correct
Closure,127,mutant-0,correct
Closure,128,mutant-0,correct
Closure,129,mutant-0,correct
Closure,130,mutant-0,correct
Closure,131,mutant-0,correct
Closure,132,mutant-0,correct
Closure,133,mutant-0,correct
Lang,1,mutant-0,correct
Lang,2,mutant-0,overfitting
Lang,3,mutant-0,correct
Lang,4,mutant-0,correct
Lang,5,mutant-0,correct
Lang,6,mutant-0,correct
Lang,7,mutant-0,correct
Lang,8,mutant-0,correct
Lang,9,mutant-0,correct
Lang,10,mutant-0,correct
Lang,11,mutant-0,overfitting
Lang,12,mutant-0,overfitting
Lang,13,mutant-0,correct
Lang,14,mutant-0,correct
Lang,15,mutant-0,correct
Lang,16,mutant-0,correct
Lang,17,mutant-0,correct
Lang,18,mutant-0,correct
Lang,19,mutant-0,correct
Lang,20,mutant-0,correct
Lang,21,mutant-0,correct
Lang,22,mutant-0,correct
Lang,23,mutant-0,correct
Lang,24,mutant-0,correct
Lang,25,mutant-0,correct
Lang,26,mutant-0,correct
Lang,27,mutant-0,correct
Lang,28,mutant-0,correct
Lang,29,mutant-0,correct
Lang,30,mutant-0,correct
Lang,31,mutant-0,correct
Lang,32,mutant-0,correct
Lang,33,mutant-0,correct
Lang,34,mutant-0,correct
Lang,35,mutant-0,correct
Lang,36,mutant-0,correct
Lang,37,mutant-0,correct
Lang,38,mutant-0,correct
Lang,39,mutant-0,correct
Lang,40,mutant-0,correct
Lang,41,mutant-0,correct
Lang,42,mutant-0,correct
Lang,43,mutant-0,correct
Lang,44,mutant-0,correct
Lang,45,mutant-0,correct
Lang,46,mutant-0,correct
Lang,47,mutant-0,correct
Lang,48,mutant-0,correct
Lang,49,mutant-0,correct
Lang,50,mutant-0,correct
Lang,51,mutant-0,correct
Lang,52,mutant-0,correct
Lang,53,mutant-0,correct
Lang,54,mutant-0,correct
Lang,55,mutant-0,correct
Lang,56,mutant-0,correct
Lang,57,mutant-0,correct
Lang,58,mutant-0,correct
Lang,59,mutant-0,correct
Lang,60,mutant-0,correct
Lang,61,mutant-0,correct
Lang,62,mutant-0,correct
Lang,63,mutant-0,correct
Lang,64,mutant-0,correct
Lang,65,mutant-0,correct
Mockito,1,mutant-0,correct
Mockito,2,mutant-0,correct
Mockito,3,mutant-0,correct
Mockito,4,mutant-0,correct
Mockito,5,mutant-0,correct
Mockito,6,mutant-0,correct
Mockito,7,mutant-0,correct
Mockito,8,mutant-0,correct
Mockito,9,mutant-0,correct
Mockito,10,mutant-0,correct
Mockito,11,mutant-0,correct
Mockito,12,mutant-0,correct
Mockito,13,mutant-0,correct
Mockito,14,mutant-0,correct
Mockito,15,mutant-0,correct
Mockito,16,mutant-0,correct
Mockito,17,mutant-0,correct
Mockito,18,mutant-0,correct
Mockito,19,mutant-0,correct
Mockito,20,mutant-0,correct
Mockito,21,mutant-0,correct
Mockito,22,mutant-0,correct
Mockito,23,mutant-0,correct
Mockito,24,mutant-0,correct
Mockito,25,mutant-0,correct
Mockito,26,mutant-0,correct
Mockito,27,mutant-0,correct
Mockito,28,mutant-0,correct
Mockito,29,mutant-0,correct
Mockito,30,mutant-0,correct
Mockito,31,mutant-0,correct
Mockito,32,mutant-0,correct
Mockito,33,mutant-0,correct
Mockito,34,mutant-0,correct
Mockito,35,mutant-0,overfitting
Mockito,36,mutant-0,correct
Mockito,37,mutant-0,correct
Mockito,38,mutant-0,correct
Chart,1,mutant-0,correct
Chart,2,mutant-0,correct
Chart,3,mutant-0,correct
Chart,4,mutant-0,correct
Chart,5,mutant-0,correct
Chart,6,mutant-0,correct
Chart,7,mutant-0,correct
Chart,8,mutant-0,correct
Chart,9,mutant-0,correct
Chart,10,mutant-0,overfitting
Chart,11,mutant-0,correct
Chart,12,mutant-0,correct
Chart,13,mutant-0,correct
Chart,14,mutant-0,correct
Chart,15,mutant-0,correct
Chart,16,mutant-0,correct
Chart,17,mutant-0,correct
Chart,18,mutant-0,overfitting
Chart,19,mutant-0,correct
Chart,20,mutant-0,correct
Chart,21,mutant-0,correct
Chart,22,mutant-0,correct
Chart,23,mutant-0,correct
Chart,24,mutant-0,correct
Chart,25,mutant-0,correct
Chart,26,mutant-0,correct
Time,1,mutant-0,correct
Time,2,mutant-0,overfitting
Time,3,mutant-0,correct
Time,4,mutant-0,overfitting
Time,5,mutant-0,correct
Time,6,mutant-0,overfitting
Time,7,mutant-0,correct
Time,8,mutant-0,correct
Time,9,mutant-0,overfitting
Time,10,mutant-0,correct
Time,11,mutant-0,correct
Time,12,mutant-0,correct
Time,13,mutant-0,correct
Time,14,mutant-0,correct
Time,15,mutant-0,correct
Time,16,mutant-0,correct
Time,17,mutant-0,correct
Time,18,mutant-0,correct
Time,19,mutant-0,correct
Time,20,mutant-0,correct
Time,21,mutant-0,correct
Time,22,mutant-0,correct
Time,23,mutant-0,correct
Time,24,mutant-0,correct
Time,25,mutant-0,correct
Time,26,mutant-0,correct
Time,27,mutant-0,overfitting
Math,1,mutant-0,correct
Math,2,mutant-0,correct
Math,3,mutant-0,correct
Math,4,mutant-0,correct
Math,5,mutant-0,correct
Math,6,mutant-0,correct
Math,7,mutant-0,correct
Math,8,mutant-0,correct
Math,9,mutant-0,correct
Math,10,mutant-0,correct
Math,11,mutant-0,correct
Math,12,mutant-0,correct
Math,13,mutant-0,correct
Math,14,mutant-0,overfitting
Math,15,mutant-0,correct
Math,16,mutant-0,correct
Math,17,mutant-0,correct
Math,18,mutant-0,correct
Math,19,mutant-0,correct
Math,20,mutant-0,correct
Math,21,mutant-0,overfitting
Math,22,mutant-0,correct
Math,23,mutant-0,correct
Math,24,mutant-0,correct
Math,25,mutant-0,correct
Math,26,mutant-0,overfitting
Math,27,mutant-0,correct
Math,28,mutant-0,correct
Math,29,mutant-0,correct
Math,30,mutant-0,correct
Math,31,mutant-0,correct
Math,32,mutant-0,correct
Math,33,mutant-0,correct
Math,34,mutant-0,correct
Math,35,mutant-0,correct
Math,36,mutant-0,correct
Math,37,mutant-0,correct
Math,38,mutant-0,overfitting
Math,39,mutant-0,correct
Math,40,mutant-0,correct
Math,41,mutant-0,correct
Math,42,mutant-0,correct
Math,43,mutant-0,correct
Math,44,mutant-0,correct
Math,45,mutant-0,overfitting
Math,46,mutant-0,correct
Math,47,mutant-0,correct
Math,48,mutant-0,overfitting
Math,49,mutant-0,correct
Math,50,mutant-0,correct
Math,51,mutant-0,correct
Math,52,mutant-0,correct
Math,53,mutant-0,correct
Math,54,mutant-0,correct
Math,55,mutant-0,correct
Math,56,mutant-0,correct
Math,57,mutant-0,correct
Math,58,mutant-0,correct
Math,59,mutant-0,correct
Math,60,mutant-0,correct
Math,61,mutant-0,correct
Math,62,mutant-0,correct
Math,63,mutant-0,correct
Math,64,mutant-0,correct
Math,65,mutant-0,correct
Math,66,mutant-0,overfitting
Math,67,mutant-0,correct
Math,68,mutant-0,correct
Math,69,mutant-0,correct
Math,70,mutant-0,correct
Math,71,mutant-0,correct
Math,72,mutant-0,correct
Math,73,mutant-0,correct
Math,74,mutant-0,correct
Math,75,mutant-0,correct
Math,76,mutant-0,correct
Math,77,mutant-0,correct
Math,78,mutant-0,correct
Math,79,mutant-0,correct
Math,80,mutant-0,correct
Math,81,mutant-0,correct
Math,82,mutant-0,correct
Math,83,mutant-0,correct
Math,84,mutant-0,correct
Math,85,mutant-0,correct
Math,86,mutant-0,overfitting
Math,87,mutant-0,correct
Math,88,mutant-0,correct
Math,89,mutant-0,correct
Math,90,mutant-0,correct
Math,91,mutant-0,correct
Math,92,mutant-0,correct
Math,93,mutant-0,correct
Math,94,mutant-0,correct
Math,95,mutant-0,correct
Math,96,mutant-0,correct
Math,97,mutant-0,correct
Math,98,mutant-0,correct
Math,99,mutant-0,correct
Math,100,mutant-0,correct
Math,101,mutant-0,overfitting
Math,102,mutant-0,correct
Math,103,mutant-0,correct
Math,104,mutant-0,correct
Math,105,mutant-0,correct
Math,106,mutant-0,correct
