tool,project,id,mutant-id,line_in_buggy,line_in_patched,structural_score,conceptual_score,sum,correct
Arja,Chart,12,0,[148],[148],[0.778],[0.8],1.578,True
Arja,Math,58,0,[121],[121],[0.667],[0.81],1.477,True
Arja,Math,98,0,[991],[991],[0.838],[0.946],1.784,True
Arja,Closure,115,0,[731],[731],[0.938],[0.75],1.688,True
Arja,Closure,126,0,[137],[137],[0],[0],0.0,True
jGenProg,Math,5,0,"[305, 338, 361, 395, 408, 436]","[305, 321, 329, 349, 359, 384]","[0.846, 0.0, 0.0, 0.2, 0.2, 0.0]","[0.6, 0.0, 0.0, 0.0, 0.0, 0.031]",0.313,True
jGenProg,Math,70,0,[72],[72],[0.826],[1.0],1.826,True
jGenProg,Math,53,0,"[153, 175, 216]","[153, 178, 219]","[0.267, 0.333, 0.391]","[0.531, 1.0, 0.87]",1.131,True
Nopol,Lang,46,0,[244],[244],[0.571],[0.5],1.071,True
FixMiner,Chart,11,0,[274],[274],[1.0],[1.0],2.0,True
FixMiner,Chart,19,0,"[698, 973]","[698, 976]","[0.579, 0.632]","[0.552, 0.586]",1.174,True
FixMiner,Chart,1,0,[1797],[1797],[1.0],[1.0],2.0,True
FixMiner,Chart,24,0,[125],[125],[1.0],[0.967],1.967,True
FixMiner,Chart,4,0,"[4493, 4503]","[4493, 4504]","[0.619, 0.6]","[0.647, 0.583]",1.224,True
FixMiner,Math,75,0,[303],[303],[1.0],[0.923],1.923,True
FixMiner,Math,70,0,[72],[72],[0.826],[1.0],1.826,True
FixMiner,Math,34,0,[209],[209],[0.625],[0.9],1.525,True
FixMiner,Math,22,0,[275],[275],[1.0],[0.8],1.8,True
FixMiner,Math,79,0,[1624],[1624],[1.0],[0.704],1.704,True
FixMiner,Math,57,0,[175],[175],[1.0],[0.946],1.946,True
FixMiner,Math,30,0,[173],[173],[1.0],[0.889],1.889,True
jMutRepair,Chart,1,0,[1797],[1797],[1.0],[1.0],2.0,True
jMutRepair,Math,85,0,[198],[198],[1.0],[0.912],1.912,True
jMutRepair,Math,82,0,[82],[82],[1.0],[0.96],1.96,True
jMutRepair,Closure,63,0,[98],[98],[1.0],[1.0],2.0,True
jMutRepair,Closure,62,0,[98],[98],[1.0],[1.0],2.0,True
DynaMoth,Math,50,0,[188],[188],[0.094],[0.048],0.142,True
Cardumen,Chart,11,0,[274],[274],[1.0],[1.0],2.0,True
Cardumen,Math,70,0,[72],[72],[0.826],[1.0],1.826,True
GenProg,Closure,115,0,[731],[731],[0.938],[0.75],1.688,True
GenProg,Closure,126,0,[143],[143],[0.737],[0.545],1.282,True
TBar,Chart,11,0,[274],[274],[1.0],[1.0],2.0,True
TBar,Chart,19,0,"[698, 973]","[698, 976]","[0.579, 0.632]","[0.552, 0.586]",1.174,True
TBar,Chart,20,0,[95],[95],[1.0],[0.933],1.933,True
TBar,Chart,1,0,[1797],[1797],[1.0],[1.0],2.0,True
TBar,Chart,24,0,[126],[126],[1.0],[0.933],1.933,True
TBar,Chart,4,0,"[4493, 4503]","[4493, 4504]","[0.619, 0.6]","[0.647, 0.583]",1.224,True
TBar,Chart,9,0,[944],[944],[0.52],[0.72],1.24,True
TBar,Math,11,0,[183],[183],[0.824],[0.903],1.727,True
TBar,Math,5,0,[305],[305],[1.0],[0.75],1.75,True
TBar,Math,75,0,[303],[303],[1.0],[0.923],1.923,True
TBar,Math,65,0,[258],[258],[1.0],[1.0],2.0,True
TBar,Math,89,0,[110],[110],[0.522],[0.44],0.962,True
TBar,Math,70,0,[72],[72],[0.826],[1.0],1.826,True
TBar,Math,79,0,[1624],[1624],[1.0],[0.704],1.704,True
TBar,Math,57,0,[175],[175],[1.0],[0.946],1.946,True
TBar,Closure,63,0,[98],[98],[1.0],[1.0],2.0,True
TBar,Closure,73,0,[1045],[1045],[1.0],[0.6],1.6,True
TBar,Closure,62,0,[98],[98],[1.0],[1.0],2.0,True
TBar,Lang,59,0,[884],[884],[1.0],[0.919],1.919,True
TBar,Lang,47,0,[1186],[1186],[0.592],[0.707],1.299,True
TBar,Lang,7,0,[449],[449],[0.464],[0.759],1.223,True
TBar,Lang,10,0,[307],[307],[0.697],[0.615],1.312,True
TBar,Lang,33,0,[910],[910],[0.735],[0.769],1.504,True
TBar,Lang,57,0,[223],[223],[0.6],[0.867],1.467,True
ACS,Chart,19,0,"[698, 981]","[698, 981]","[0.462, 0.391]","[0.696, 0.588]",1.068,True
ACS,Chart,14,0,"[2166, 2448, 2293, 2529]","[2166, 2451, 2293, 2532]","[0.444, 0.444, 0.444, 0.444]","[0.5, 0.5, 0.5, 0.5]",0.944,True
ACS,Time,15,0,[138],[138],[0.414],[0.708],1.122,True
ACS,Math,61,0,"[17, 94]","[17, 94]","[0.667, 0.688]","[0.706, 0.778]",1.42,True
ACS,Math,5,0,[305],[305],[0.355],[0.538],0.893,True
ACS,Math,35,0,"[18, 51, 65]","[18, 52, 72]","[1.0, 0.273, 0.312]","[1.0, 0.552, 0.588]",1.242,True
ACS,Math,89,0,[110],[110],[0.394],[0.55],0.944,True
ACS,Math,90,0,[133],[133],[0.585],[0.804],1.389,True
ACS,Math,99,0,"[543, 714]","[543, 714]","[0.536, 0.579]","[0.611, 0.682]",1.204,True
ACS,Math,85,0,[198],[198],[0.514],[0.78],1.294,True
ACS,Math,25,0,[327],[327],[0.562],[0.632],1.194,True
ACS,Math,82,0,[82],[82],[0.706],[0.828],1.534,True
ACS,Math,3,0,[846],[846],[0.472],[0.879],1.351,True
ACS,Lang,24,0,[1412],[1412],[0.619],[0.76],1.379,True
ACS,Lang,7,0,[453],[453],[0.667],[0.787],1.454,True
kPAR,Chart,19,0,"[698, 973]","[698, 976]","[0.579, 0.632]","[0.552, 0.586]",1.174,True
kPAR,Chart,1,0,[1797],[1797],[1.0],[1.0],2.0,True
kPAR,Chart,4,0,"[4493, 4503]","[4493, 4504]","[0.619, 0.6]","[0.647, 0.583]",1.224,True
kPAR,Math,58,0,[121],[121],[0.667],[0.81],1.477,True
kPAR,Math,75,0,[303],[303],[1.0],[0.923],1.923,True
kPAR,Math,89,0,[110],[110],[0.522],[0.44],0.962,True
kPAR,Math,70,0,[72],[72],[0.826],[1.0],1.826,True
kPAR,Closure,40,0,[635],[635],[1.0],[0.953],1.953,True
kPAR,Closure,73,0,[1045],[1045],[1.0],[0.6],1.6,True
kPAR,Lang,7,0,[449],[449],[0.464],[0.759],1.223,True
Kali,Math,50,0,[187],[187],[0.0],[0.5],0.5,True
Kali,Closure,115,0,[730],[730],[0.471],[0.44],0.911,True
Kali,Closure,126,0,[141],[141],[0.65],[0.783],1.433,True
jKali,Math,50,0,[187],[187],[0.2],[0.0],0.2,True
jKali,Closure,126,0,[141],[141],[0.65],[0.783],1.433,True
jKali,Lang,10,0,[307],[307],[0.781],[0.88],1.661,True
SimFix,Chart,20,0,[95],[95],[0.963],[0.818],1.781,True
SimFix,Chart,1,0,[1797],[1797],[1.0],[1.0],2.0,True
SimFix,Chart,7,0,[300],[300],[1.0],[0.879],1.879,True
SimFix,Math,5,0,[305],[305],[1.0],[0.75],1.75,True
SimFix,Math,75,0,[303],[303],[1.0],[0.923],1.923,True
SimFix,Math,70,0,[72],[72],[0.826],[1.0],1.826,True
SimFix,Math,59,0,[3482],[3482],[1.0],[1.0],2.0,True
SimFix,Math,71,0,"[294, 305]","[294, 315]","[0.696, 0.6]","[0.684, 0.5]",1.24,True
SimFix,Math,53,0,[153],[153],[0.417],[0.515],0.932,True
SimFix,Math,79,0,[1624],[1624],[1.0],[0.704],1.704,True
SimFix,Math,41,0,[520],[520],[0.333],[0.824],1.157,True
SimFix,Math,57,0,[175],[175],[1.0],[0.946],1.946,True
SimFix,Closure,68,0,[1760],[1760],[0.529],[0.467],0.996,True
SimFix,Closure,115,0,[730],[730],[0.591],[0.6],1.191,True
SimFix,Closure,63,0,[98],[98],[1.0],[1.0],2.0,True
SimFix,Closure,73,0,[1045],[1045],[1.0],[0.6],1.6,True
SimFix,Closure,62,0,[98],[98],[1.0],[1.0],2.0,True
SimFix,Closure,6,0,[405],[405],[0.397],[0.462],0.859,True
SimFix,Lang,58,0,[454],[454],[0.419],[0.519],0.938,True
SimFix,Lang,33,0,[910],[910],[0.809],[0.875],1.684,True
SimFix,Lang,39,0,[3676],[3676],[0.688],[0.633],1.321,True
SimFix,Lang,43,0,[422],[422],[0.939],[0.781],1.72,True
AVATAR,Chart,11,0,[274],[274],[1.0],[1.0],2.0,True
AVATAR,Chart,19,0,"[698, 973]","[698, 976]","[0.579, 0.632]","[0.552, 0.586]",1.174,True
AVATAR,Chart,1,0,[1797],[1797],[1.0],[1.0],2.0,True
AVATAR,Chart,24,0,[126],[126],[1.0],[0.933],1.933,True
AVATAR,Chart,4,0,"[4493, 4503]","[4493, 4504]","[0.619, 0.6]","[0.647, 0.583]",1.224,True
AVATAR,Math,89,0,[110],[110],[0.522],[0.44],0.962,True
AVATAR,Math,59,0,[3482],[3482],[1.0],[1.0],2.0,True
AVATAR,Math,4,0,"[114, 118]","[114, 118]","[0.643, 0.583]","[0.538, 0.5]",1.132,True
AVATAR,Closure,115,0,[730],[730],[0.353],[0.348],0.701,True
AVATAR,Closure,46,0,[140],[140],[0.5],[0.414],0.914,True
AVATAR,Closure,63,0,[98],[98],[1.0],[1.0],2.0,True
AVATAR,Closure,73,0,[1045],[1045],[1.0],[0.6],1.6,True
AVATAR,Closure,62,0,[98],[98],[1.0],[1.0],2.0,True
AVATAR,Closure,38,0,[245],[245],[1.0],[0.905],1.905,True
AVATAR,Closure,2,0,"[1574, 1588]","[1574, 1589]","[0.758, 0.625]","[0.822, 0.6]",1.402,True
AVATAR,Lang,7,0,"[452, 721]","[452, 718]","[0.462, 0.476]","[0.622, 0.548]",1.054,True
AVATAR,Lang,10,0,[307],[307],[0.697],[0.615],1.312,True
AVATAR,Lang,57,0,[223],[223],[1.0],[0.867],1.867,True
AVATAR,Lang,6,0,[95],[95],[1.0],[0.889],1.889,True
RSRepair,Closure,115,0,[702],[702],[0.613],[0.486],1.099,True
RSRepair,Closure,126,0,[141],[141],[0.105],[0.0],0.105,True
Arja,Chart,13,0,[322],[322],[0.95],[0.871],1.821,False
Arja,Chart,5,0,[559],[559],[0.429],[0.444],0.873,False
Arja,Chart,15,0,"[694, 2050, 2613]","[694, 2050, 2613]","[1.0, 0.714, 0.9]","[1.0, 0.825, 0.92]",1.786,False
Arja,Chart,19,0,"[164, 660, 927, 973]","[164, 660, 927, 978]","[0.333, 0.762, 0.8, 0.857]","[0.176, 0.72, 0.8, 0.773]",1.305,False
Arja,Chart,14,0,"[2159, 2378, 2265, 2481]","[2159, 2377, 2265, 2481]","[0.381, 0.462, 0.571, 0.562]","[0.429, 0.556, 0.583, 0.611]",1.039,False
Arja,Chart,1,0,[1797],[1797],[0.425],[0.415],0.84,False
Arja,Chart,25,0,"[240, 273, 111, 172]","[240, 278, 111, 171]","[0.143, 0.778, 0.773, 0.818]","[0.147, 0.909, 0.741, 0.8]",1.277,False
Arja,Chart,7,0,[317],[317],[0.769],[0.875],1.644,False
Arja,Chart,3,0,"[583, 667]","[583, 658]","[0.471, 0.733]","[0.576, 0.727]",1.253,False
Arja,Math,28,0,[145],[145],[0.938],[0.833],1.771,False
Arja,Math,40,0,[264],[264],[0.5],[0.188],0.688,False
Arja,Math,50,0,"[186, 371]","[186, 371]","[0.25, 0.233]","[0.3, 0.5]",0.642,False
Arja,Math,35,0,"[51, 65]","[51, 67]","[0.222, 0.387]","[0.529, 0.512]",0.825,False
Arja,Math,84,0,[90],[90],[0.375],[0.667],1.042,False
Arja,Math,85,0,[199],[199],[0.0],[0.023],0.023,False
Arja,Math,74,0,"[253, 286]","[253, 287]","[0.13, 0.719]","[0.125, 0.717]",0.845,False
Arja,Math,56,0,[240],[240],[0.5],[0.688],1.188,False
Arja,Math,95,0,"[100, 148]","[100, 149]","[0.714, 0.8]","[0.65, 0.75]",1.457,False
Arja,Math,82,0,"[352, 63]","[352, 63]","[0.143, 0.843]","[0.3, 0.795]",1.04,False
Arja,Math,2,0,[137],[137],[0.36],[0.5],0.86,False
Arja,Math,80,0,"[1062, 1106, 1137]","[1062, 1106, 1137]","[0.444, 0.846, 0.255]","[0.464, 1.0, 0.226]",1.078,False
Arja,Math,81,0,"[1528, 1544]","[1528, 1542]","[0.692, 0.368]","[0.286, 0.417]",0.882,False
Arja,Closure,116,0,"[555, 197, 1459]","[555, 197, 1459]","[1.0, 0.462, 0.846]","[0.889, 0.492, 0.857]",1.515,False
Arja,Closure,75,0,"[1016, 1155, 349]","[1016, 1151, 349]","[0.733, 0.216, 0.583]","[0.529, 0.333, 0.667]",1.02,False
Arja,Closure,67,0,[87],[87],[0.611],[0.64],1.251,False
Arja,Closure,124,0,[177],[177],[0.8],[0.857],1.657,False
Arja,Closure,68,0,[887],[887],[0.316],[0.407],0.723,False
Arja,Closure,125,0,[203],[203],[0.588],[0.682],1.27,False
Arja,Closure,133,0,[1838],[1838],[0.714],[0.615],1.329,False
Arja,Closure,55,0,"[88, 117]","[88, 116]","[0.636, 0.643]","[0.615, 0.6]",1.247,False
Arja,Closure,114,0,[1599],[1599],[0.385],[0.429],0.814,False
Arja,Closure,112,0,"[1071, 1359]","[1071, 1319]","[0.467, 0.625]","[0.429, 0.771]",1.146,False
Arja,Closure,121,0,[85],[85],[0.641],[0.697],1.338,False
Arja,Closure,46,0,"[383, 86, 110, 175]","[383, 86, 110, 175]","[0.714, 0.65, 1.0, 0.156]","[0.471, 0.636, 0.939, 0.226]",1.198,False
Arja,Closure,59,0,[42],[42],[0.714],[0.692],1.406,False
Arja,Closure,129,0,[1546],[1546],[0.92],[0.905],1.825,False
Arja,Closure,1,0,"[1411, 396]","[1411, 396]","[0.423, 0.595]","[0.5, 0.575]",1.046,False
Arja,Closure,78,0,"[658, 763, 54]","[658, 763, 54]","[0.714, 0.6, 0.767]","[0.778, 0.462, 0.696]",1.339,False
Arja,Closure,22,0,"[103, 117]","[103, 111]","[0.2, 0.895]","[0.222, 0.947]",1.132,False
Arja,Closure,120,0,[84],[84],[0.535],[0.641],1.176,False
Arja,Closure,117,0,[751],[751],[0.619],[0.667],1.286,False
Arja,Closure,130,0,[179],[179],[0.711],[0.581],1.292,False
Arja,Closure,7,0,[336],[336],[1.0],[0.938],1.938,False
Arja,Closure,10,0,"[1462, 191]","[1462, 191]","[0.846, 0.769]","[0.857, 0.88]",1.676,False
Arja,Closure,119,0,"[157, 490]","[157, 490]","[0.882, 0.8]","[0.85, 0.762]",1.647,False
Arja,Closure,33,0,[261],[261],[0.846],[0.8],1.646,False
Arja,Closure,8,0,"[117, 210]","[117, 209]","[0.769, 0.278]","[0.583, 0.25]",0.94,False
Arja,Closure,45,0,[594],[594],[1.0],[0.778],1.778,False
Arja,Closure,21,0,[121],[121],[0.571],[0.656],1.227,False
Arja,Lang,20,0,"[3298, 3383]","[3298, 3383]","[0.362, 0.333]","[0.6, 0.5]",0.898,False
Arja,Lang,16,0,[545],[545],[0.364],[0.235],0.599,False
Arja,Lang,7,0,"[141, 277, 453]","[141, 277, 453]","[1.0, 0.667, 0.844]","[0.849, 0.702, 0.854]",1.639,False
jGenProg,Chart,13,0,"[151, 182, 252, 275, 337, 422]","[151, 162, 173, 185, 198, 209]","[0.5, 0.0, 0.0, 0.0, 0.0, 0.0]","[0.571, 0.0, 0.0, 0.0, 0.0, 0.0]",0.178,False
jGenProg,Chart,5,0,[563],[563],[0.429],[0.632],1.061,False
jGenProg,Chart,25,0,[207],[207],[0.323],[0.432],0.755,False
jGenProg,Chart,7,0,[552],[552],[1.0],[0.846],1.846,False
jGenProg,Chart,3,0,[564],[564],[0.9],[0.632],1.532,False
jGenProg,Math,50,0,[188],[188],[0.094],[0.048],0.142,False
jGenProg,Math,84,0,[95],[95],[0.714],[0.5],1.214,False
jGenProg,Math,85,0,[199],[199],[0.0],[0.0],0.0,False
jGenProg,Math,60,0,[186],[186],[0.8],[0.7],1.5,False
jGenProg,Math,73,0,[134],[134],[0.667],[0.733],1.4,False
jGenProg,Math,95,0,[147],[147],[0.692],[0.889],1.581,False
jGenProg,Math,8,0,[190],[190],[0.882],[0.889],1.771,False
jGenProg,Math,81,0,[1543],[1543],[0.043],[0.0],0.043,False
jGenProg,Closure,22,0,[112],[112],[0.175],[0.176],0.351,False
jGenProg,Closure,21,0,[118],[118],[0.29],[0.231],0.521,False
jGenProg,Lang,27,0,[489],[489],[0.4],[0.739],1.139,False
jGenProg,Lang,39,0,[3675],[3675],[0.0],[0.0],0.0,False
Nopol,Chart,13,0,"[444, 452]","[444, 453]","[0.744, 0.844]","[0.679, 0.667]",1.467,False
Nopol,Chart,5,0,[563],[563],[0.833],[0.75],1.583,False
Nopol,Chart,25,0,"[207, 216]","[207, 217]","[0.742, 0.696]","[0.816, 0.739]",1.496,False
Nopol,Chart,17,0,[880],[880],[0.212],[0.558],0.77,False
Nopol,Chart,9,0,[883],[883],[0.212],[0.558],0.77,False
Nopol,Chart,21,0,[335],[335],[0.316],[0.516],0.832,False
Nopol,Time,14,0,[210],[210],[0.517],[0.577],1.094,False
Nopol,Math,58,0,[593],[593],[0.441],[0.4],0.841,False
Nopol,Math,18,0,[514],[514],[0.471],[0.45],0.921,False
Nopol,Math,20,0,[704],[704],[0.2],[0.318],0.518,False
Nopol,Math,87,0,[161],[161],[0.432],[0.545],0.977,False
Nopol,Math,78,0,[282],[282],[0.0],[0.0],0.0,False
Nopol,Math,69,0,"[189, 197]","[189, 198]","[0.623, 0.846]","[0.736, 0.909]",1.557,False
Nopol,Math,105,0,[107],[107],[0.24],[0.45],0.69,False
Nopol,Math,7,0,[351],[351],[0.343],[0.548],0.891,False
Nopol,Math,73,0,[225],[225],[0.288],[0.655],0.943,False
Nopol,Math,49,0,[666],[666],[0.321],[0.372],0.693,False
Nopol,Math,33,0,[339],[339],[0.625],[0.673],1.298,False
Nopol,Math,41,0,[217],[217],[0.692],[0.727],1.419,False
Nopol,Math,82,0,[63],[63],[0.731],[0.755],1.486,False
Nopol,Math,2,0,[137],[137],[0.607],[0.526],1.133,False
Nopol,Math,42,0,[347],[347],[0.583],[0.659],1.242,False
Nopol,Math,4,0,[200],[200],[0.179],[0.333],0.512,False
Nopol,Math,80,0,[1137],[1137],[0.719],[0.658],1.377,False
Nopol,Math,81,0,[1480],[1480],[0.158],[0.31],0.468,False
Nopol,Lang,44,0,"[193, 204]","[193, 205]","[0.184, 0.833]","[0.448, 0.905]",1.185,False
Nopol,Lang,51,0,[672],[672],[0.806],[0.789],1.595,False
Nopol,Lang,58,0,[464],[464],[0.375],[0.615],0.99,False
Nopol,Lang,55,0,[118],[118],[0.513],[0.683],1.196,False
Nopol,Lang,53,0,[664],[664],[0.438],[0.56],0.998,False
FixMiner,Chart,13,0,[444],[444],[0.717],[0.742],1.459,False
FixMiner,Chart,15,0,[280],[280],[0.7],[0.647],1.347,False
FixMiner,Chart,14,0,[2293],[2293],[0.444],[0.5],0.944,False
FixMiner,Chart,25,0,[109],[109],[0.639],[0.854],1.493,False
FixMiner,Chart,26,0,[2538],[2538],[0.636],[0.765],1.401,False
FixMiner,Chart,7,0,[288],[288],[1.0],[0.909],1.909,False
FixMiner,Chart,17,0,[879],[879],[0.4],[0.793],1.193,False
FixMiner,Chart,3,0,[885],[885],[0.5],[0.765],1.265,False
FixMiner,Time,11,0,[78],[78],[0.538],[0.75],1.288,False
FixMiner,Math,50,0,[188],[188],[1.0],[0.9],1.9,False
FixMiner,Math,84,0,[90],[90],[1.0],[0.895],1.895,False
FixMiner,Math,20,0,[240],[240],[0.6],[0.6],1.2,False
FixMiner,Math,85,0,[199],[199],[0.0],[0.022],0.022,False
FixMiner,Math,63,0,[417],[417],[0.357],[0.533],0.89,False
FixMiner,Math,80,0,[840],[840],[1.0],[0.2],1.2,False
FixMiner,Math,81,0,[1537],[1537],[1.0],[0.905],1.905,False
FixMiner,Closure,19,0,[175],[175],[0.364],[0.154],0.518,False
FixMiner,Closure,129,0,[1546],[1546],[0.767],[0.913],1.68,False
FixMiner,Lang,63,0,[438],[438],[1.0],[0.929],1.929,False
FixMiner,Lang,57,0,[223],[223],[0.625],[0.609],1.234,False
jMutRepair,Chart,25,0,[110],[110],[1.0],[1.0],2.0,False
jMutRepair,Chart,26,0,[2538],[2538],[0.7],[0.8],1.5,False
jMutRepair,Chart,7,0,[285],[285],[1.0],[0.889],1.889,False
jMutRepair,Math,52,0,[344],[344],[1.0],[0.88],1.88,False
jMutRepair,Math,28,0,[143],[143],[1.0],[1.0],2.0,False
jMutRepair,Math,50,0,[187],[187],[1.0],[0.5],1.5,False
jMutRepair,Math,88,0,[83],[83],[1.0],[1.0],2.0,False
jMutRepair,Math,84,0,[90],[90],[1.0],[0.941],1.941,False
jMutRepair,Math,2,0,[137],[137],[1.0],[1.0],2.0,False
jMutRepair,Math,57,0,[85],[85],[0.8],[0.941],1.741,False
jMutRepair,Math,80,0,[1133],[1133],[0.306],[0.846],1.152,False
jMutRepair,Math,81,0,[1537],[1537],[0.628],[0.826],1.454,False
jMutRepair,Closure,22,0,[114],[114],[1.0],[1.0],2.0,False
jMutRepair,Closure,126,0,[141],[141],[0.773],[1.0],1.773,False
jMutRepair,Closure,21,0,[120],[120],[1.0],[1.0],2.0,False
jMutRepair,Lang,27,0,[488],[488],[1.0],[1.0],2.0,False
jMutRepair,Lang,22,0,[584],[584],[1.0],[1.0],2.0,False
DynaMoth,Chart,13,0,"[444, 452]","[444, 453]","[0.78, 0.844]","[0.704, 0.667]",1.498,False
DynaMoth,Chart,5,0,[563],[563],[0.882],[0.789],1.671,False
DynaMoth,Chart,15,0,[1219],[1219],[0.778],[0.75],1.528,False
DynaMoth,Chart,18,0,[350],[350],[0.786],[0.857],1.643,False
DynaMoth,Chart,1,0,[1797],[1797],[0.913],[0.875],1.788,False
DynaMoth,Chart,25,0,"[207, 216]","[207, 217]","[0.793, 0.696]","[0.775, 0.739]",1.502,False
DynaMoth,Time,11,0,"[309, 316]","[309, 317]","[0.292, 0.895]","[0.471, 1.0]",1.329,False
DynaMoth,Math,58,0,[605],[605],[0.483],[0.429],0.912,False
DynaMoth,Math,20,0,[787],[787],[0.781],[0.755],1.536,False
DynaMoth,Math,71,0,[150],[150],[0.905],[0.914],1.819,False
DynaMoth,Math,85,0,"[199, 206]","[199, 207]","[0.375, 1.0]","[0.767, 1.0]",1.571,False
DynaMoth,Math,32,0,[136],[136],[0.719],[0.792],1.511,False
DynaMoth,Math,105,0,[107],[107],[0.429],[0.6],1.029,False
DynaMoth,Math,49,0,[666],[666],[0.548],[0.615],1.163,False
DynaMoth,Math,41,0,"[318, 328]","[318, 329]","[0.64, 0.882]","[0.765, 1.0]",1.644,False
DynaMoth,Math,82,0,[63],[63],[0.961],[0.9],1.861,False
DynaMoth,Math,8,0,[189],[189],[0.961],[0.929],1.89,False
DynaMoth,Math,80,0,"[1136, 1144]","[1136, 1145]","[0.958, 0.714]","[0.893, 0.625]",1.595,False
DynaMoth,Math,81,0,[1537],[1537],[0.471],[0.545],1.016,False
DynaMoth,Lang,51,0,[672],[672],[0.862],[0.833],1.695,False
DynaMoth,Lang,63,0,[438],[438],[0.81],[0.793],1.603,False
Cardumen,Chart,13,0,[152],[152],[0.543],[0.686],1.229,False
Cardumen,Chart,24,0,[126],[126],[0.566],[0.735],1.301,False
Cardumen,Chart,6,0,[81],[81],[0.417],[0.55],0.967,False
Cardumen,Math,5,0,[340],[340],[0.317],[0.552],0.869,False
Cardumen,Math,85,0,[181],[181],[0.237],[0.391],0.628,False
Cardumen,Math,63,0,"[417, 428, 441, 455, 476, 508, 522, 547, 584, 617, 642, 687]","[417, 427, 438, 450, 469, 488, 499, 510, 533, 554, 568, 598]","[0.321, 0.03, 0.032, 0.032, 0.0, 0.029, 0.0, 0.0, 0.0, 0.0, 0.0, 0.0]","[0.467, 0.0, 0.0, 0.0, 0.1, 0.0, 0.0, 0.0, 0.0, 0.0, 0.0, 0.0]",0.084,False
Cardumen,Math,73,0,[138],[138],[0.529],[0.364],0.893,False
Cardumen,Math,95,0,[145],[145],[0.455],[0.625],1.08,False
Cardumen,Closure,63,0,[97],[97],[0.605],[0.679],1.284,False
Cardumen,Closure,62,0,[97],[97],[0.605],[0.679],1.284,False
GenProg,Chart,13,0,"[298, 436]","[298, 437]","[0.844, 0.228]","[0.815, 0.222]",1.054,False
GenProg,Chart,12,0,"[664, 796, 153]","[664, 795, 153]","[0.571, 0.917, 0.475]","[0.444, 0.733, 0.473]",1.204,False
GenProg,Chart,1,0,"[1045, 1352, 1798]","[1045, 1353, 1798]","[0.667, 0.926, 0.806]","[0.686, 0.844, 0.711]",1.547,False
GenProg,Chart,25,0,[110],[110],[0.609],[0.679],1.288,False
GenProg,Chart,3,0,[576],[576],[0.649],[0.6],1.249,False
GenProg,Math,28,0,[145],[145],[0.938],[0.833],1.771,False
GenProg,Math,31,0,"[215, 177, 86]","[215, 177, 86]","[0.5, 0.562, 1.0]","[0.606, 0.312, 0.917]",1.299,False
GenProg,Math,40,0,"[299, 393, 296]","[299, 396, 296]","[0.529, 0.516, 0.778]","[0.556, 0.675, 0.731]",1.262,False
GenProg,Math,85,0,"[190, 199, 100]","[190, 200, 100]","[0.926, 0.0, 0.471]","[0.882, 0.023, 0.517]",0.94,False
GenProg,Math,95,0,"[75, 148, 179]","[75, 151, 179]","[0.333, 1.0, 0.538]","[0.314, 0.857, 0.52]",1.187,False
GenProg,Math,82,0,[63],[63],[0.843],[0.795],1.638,False
GenProg,Math,2,0,"[138, 157]","[138, 157]","[0.48, 0.8]","[0.706, 0.667]",1.326,False
GenProg,Math,80,0,"[872, 1093, 1137]","[872, 1092, 1137]","[0.929, 0.571, 0.211]","[0.778, 0.632, 0.206]",1.109,False
GenProg,Math,81,0,[1542],[1542],[0.087],[0.0],0.087,False
GenProg,Closure,75,0,"[303, 375, 263]","[303, 375, 263]","[0.769, 0.0, 0.364]","[0.917, 0.0, 0.435]",0.828,False
GenProg,Closure,67,0,[84],[84],[0.367],[0.474],0.841,False
GenProg,Closure,124,0,[138],[138],[0.407],[0.484],0.891,False
GenProg,Closure,55,0,[66],[66],[0.448],[0.4],0.848,False
GenProg,Closure,114,0,"[120, 1610]","[120, 1610]","[0.857, 0.368]","[0.758, 0.25]",1.116,False
GenProg,Closure,112,0,[1062],[1062],[0.429],[0.579],1.008,False
GenProg,Closure,59,0,[42],[42],[0.714],[0.562],1.276,False
GenProg,Closure,129,0,[1546],[1546],[0.92],[0.905],1.825,False
GenProg,Closure,78,0,[54],[54],[0.742],[0.654],1.396,False
GenProg,Closure,22,0,[116],[116],[0.341],[0.69],1.031,False
GenProg,Closure,130,0,[179],[179],[0.711],[0.581],1.292,False
GenProg,Closure,10,0,"[251, 809]","[251, 809]","[0.65, 0.667]","[0.739, 0.621]",1.338,False
GenProg,Closure,21,0,[117],[117],[0.175],[0.352],0.527,False
GenProg,Lang,7,0,[453],[453],[0.279],[0.512],0.791,False
TBar,Chart,13,0,[87],[87],[0.733],[0.769],1.502,False
TBar,Chart,5,0,[527],[527],[0.63],[0.778],1.408,False
TBar,Chart,12,0,[161],[161],[0.778],[0.88],1.658,False
TBar,Chart,15,0,[212],[212],[0],[0],0.0,False
TBar,Chart,14,0,[2293],[2293],[0.643],[0.897],1.54,False
TBar,Chart,25,0,[173],[173],[0],[0],0.0,False
TBar,Chart,26,0,[2536],[2536],[1.0],[0.938],1.938,False
TBar,Chart,7,0,[552],[552],[0.833],[0.769],1.602,False
TBar,Chart,3,0,[564],[564],[0.9],[0.632],1.532,False
TBar,Math,15,0,[1541],[1541],[0.543],[0.7],1.243,False
TBar,Math,96,0,[258],[258],[1.0],[1.0],2.0,False
TBar,Math,50,0,[188],[188],[1.0],[1.0],2.0,False
TBar,Math,88,0,[338],[338],[0.783],[0.971],1.754,False
TBar,Math,84,0,[90],[90],[1.0],[0.941],1.941,False
TBar,Math,85,0,[199],[199],[0.0],[0.022],0.022,False
TBar,Math,63,0,[530],[530],[0.771],[0.882],1.653,False
TBar,Math,95,0,[147],[147],[1.0],[1.0],2.0,False
TBar,Math,62,0,[162],[162],[1.0],[0.938],1.938,False
TBar,Math,82,0,[62],[62],[0.632],[0.764],1.396,False
TBar,Math,8,0,[189],[189],[1.0],[1.0],2.0,False
TBar,Math,2,0,[293],[293],[1.0],[0.84],1.84,False
TBar,Math,80,0,[1135],[1135],[0.825],[0.871],1.696,False
TBar,Math,6,0,[93],[93],[0.6],[0.75],1.35,False
TBar,Math,81,0,[1533],[1533],[0.857],[0.857],1.714,False
TBar,Closure,12,0,[112],[112],[0.684],[0.704],1.388,False
TBar,Closure,133,0,[959],[959],[0.692],[0.917],1.609,False
TBar,Closure,115,0,[730],[730],[0.452],[0.636],1.088,False
TBar,Closure,22,0,[114],[114],[1.0],[1.0],2.0,False
TBar,Closure,126,0,[143],[143],[1.0],[0.76],1.76,False
TBar,Closure,109,0,[1908],[1908],[1.0],[0.789],1.789,False
TBar,Closure,107,0,[861],[861],[0.455],[0.25],0.705,False
TBar,Closure,66,0,[1913],[1913],[0.5],[0.739],1.239,False
TBar,Closure,21,0,[120],[120],[0.545],[0.761],1.306,False
TBar,Lang,44,0,[193],[193],[0.73],[0.857],1.587,False
TBar,Lang,13,0,[254],[254],[0],[0],0.0,False
TBar,Lang,51,0,[672],[672],[1.0],[1.0],2.0,False
TBar,Lang,58,0,[452],[452],[0.588],[0.85],1.438,False
TBar,Lang,18,0,[495],[495],[0.5],[0.826],1.326,False
TBar,Lang,20,0,[3298],[3298],[0.37],[0.6],0.97,False
TBar,Lang,27,0,[488],[488],[1.0],[0.857],1.857,False
TBar,Lang,24,0,[1395],[1395],[0.333],[0.611],0.944,False
TBar,Lang,22,0,[584],[584],[1.0],[0.75],1.75,False
TBar,Lang,63,0,[437],[437],[1.0],[0.906],1.906,False
TBar,Lang,60,0,[1114],[1114],[0.688],[0.929],1.617,False
TBar,Lang,41,0,[232],[232],[1.0],[0.938],1.938,False
TBar,Lang,39,0,[3675],[3675],[1.0],[1.0],2.0,False
TBar,Lang,43,0,[158],[158],[1.0],[0.929],1.929,False
TBar,Lang,45,0,[622],[622],[0.529],[0.84],1.369,False
ACS,Math,28,0,[115],[115],[0.5],[0.625],1.125,False
ACS,Math,73,0,[137],[137],[0.562],[0.714],1.276,False
ACS,Math,93,0,"[28, 377]","[28, 384]","[0.053, 0.575]","[0.25, 0.833]",0.855,False
ACS,Math,4,0,"[115, 119]","[115, 119]","[0.724, 0.724]","[0.871, 0.875]",1.597,False
ACS,Math,97,0,[138],[138],[0.067],[0.091],0.158,False
ACS,Math,81,0,[1543],[1543],[0.459],[0.6],1.059,False
ACS,Lang,35,0,"[3300, 3574]","[3300, 3574]","[0.611, 0.674]","[0.731, 0.781]",1.398,False
kPAR,Chart,13,0,[444],[444],[0.717],[0.742],1.459,False
kPAR,Chart,5,0,[563],[563],[0.698],[0.714],1.412,False
kPAR,Chart,15,0,[280],[280],[0.7],[0.647],1.347,False
kPAR,Chart,14,0,[2293],[2293],[0.444],[0.5],0.944,False
kPAR,Chart,25,0,[109],[109],[0.639],[0.854],1.493,False
kPAR,Chart,26,0,[2538],[2538],[0.636],[0.765],1.401,False
kPAR,Chart,7,0,[288],[288],[1.0],[0.909],1.909,False
kPAR,Chart,17,0,[879],[879],[0.4],[0.793],1.193,False
kPAR,Chart,3,0,[885],[885],[0.5],[0.765],1.265,False
kPAR,Time,17,0,[1168],[1168],[1.0],[0.833],1.833,False
kPAR,Math,15,0,[1541],[1541],[0.514],[0.727],1.241,False
kPAR,Math,40,0,[260],[260],[0.2],[0.818],1.018,False
kPAR,Math,50,0,[188],[188],[1.0],[0.9],1.9,False
kPAR,Math,88,0,[338],[338],[1.0],[0.941],1.941,False
kPAR,Math,84,0,[90],[90],[1.0],[0.895],1.895,False
kPAR,Math,63,0,[417],[417],[0.357],[0.533],0.89,False
kPAR,Math,7,0,[127],[127],[1.0],[0.889],1.889,False
kPAR,Math,49,0,[132],[132],[1.0],[0.931],1.931,False
kPAR,Math,62,0,[162],[162],[0.744],[0.839],1.583,False
kPAR,Math,104,0,[162],[162],[1.0],[0.917],1.917,False
kPAR,Math,82,0,[62],[62],[1.0],[0.93],1.93,False
kPAR,Math,8,0,[187],[187],[1.0],[1.0],2.0,False
kPAR,Math,2,0,[130],[130],[0.8],[0.894],1.694,False
kPAR,Math,43,0,[158],[158],[0.529],[0.692],1.221,False
kPAR,Math,42,0,[196],[196],[1.0],[0.886],1.886,False
kPAR,Math,80,0,[840],[840],[1.0],[0.2],1.2,False
kPAR,Math,81,0,[1537],[1537],[1.0],[0.905],1.905,False
kPAR,Closure,35,0,[1122],[1122],[1.0],[0.88],1.88,False
kPAR,Closure,115,0,[730],[730],[0.52],[0.69],1.21,False
kPAR,Closure,46,0,[142],[142],[1.0],[0.919],1.919,False
kPAR,Closure,129,0,[1546],[1546],[0.767],[0.913],1.68,False
kPAR,Closure,63,0,[97],[97],[0.889],[0.964],1.853,False
kPAR,Closure,126,0,[142],[142],[1.0],[0.913],1.913,False
kPAR,Closure,109,0,[1908],[1908],[1.0],[0.789],1.789,False
kPAR,Closure,62,0,[97],[97],[0.889],[0.964],1.853,False
kPAR,Lang,44,0,[194],[194],[0.8],[0.778],1.578,False
kPAR,Lang,51,0,[672],[672],[0.667],[0.833],1.5,False
kPAR,Lang,58,0,[452],[452],[0.278],[0.615],0.893,False
kPAR,Lang,18,0,[495],[495],[0.5],[0.826],1.326,False
kPAR,Lang,20,0,[3298],[3298],[0.347],[0.485],0.832,False
kPAR,Lang,59,0,[880],[880],[0.9],[0.911],1.811,False
kPAR,Lang,27,0,[489],[489],[1.0],[0.864],1.864,False
kPAR,Lang,53,0,[664],[664],[0.318],[0.5],0.818,False
kPAR,Lang,24,0,[1395],[1395],[0.333],[0.611],0.944,False
kPAR,Lang,63,0,[438],[438],[1.0],[0.929],1.929,False
kPAR,Lang,16,0,[490],[490],[0.695],[0.788],1.483,False
kPAR,Lang,10,0,[307],[307],[0.769],[0.885],1.654,False
kPAR,Lang,41,0,[232],[232],[1.0],[0.938],1.938,False
kPAR,Lang,43,0,[158],[158],[1.0],[0.929],1.929,False
kPAR,Lang,45,0,[622],[622],[0.529],[0.84],1.369,False
kPAR,Lang,57,0,[223],[223],[0.625],[0.609],1.234,False
kPAR,Lang,21,0,[265],[265],[0.91],[0.94],1.85,False
Kali,Chart,5,0,[563],[563],[0.882],[0.789],1.671,False
Kali,Chart,12,0,[160],[160],[0.875],[0.885],1.76,False
Kali,Chart,15,0,[280],[280],[0.882],[0.846],1.728,False
Kali,Chart,1,0,[1797],[1797],[0.826],[0.87],1.696,False
Kali,Chart,25,0,[110],[110],[0.818],[0.889],1.707,False
Kali,Chart,26,0,[2544],[2544],[0.5],[0.2],0.7,False
Kali,Math,28,0,[143],[143],[0.769],[0.846],1.615,False
Kali,Math,31,0,[177],[177],[0.75],[0.733],1.483,False
Kali,Math,84,0,[90],[90],[0.45],[0.632],1.082,False
Kali,Math,32,0,[136],[136],[0.719],[0.792],1.511,False
Kali,Math,49,0,[664],[664],[0.8],[0.806],1.606,False
Kali,Math,95,0,[145],[145],[0.8],[0.824],1.624,False
Kali,Math,2,0,[137],[137],[0.84],[0.824],1.664,False
Kali,Math,80,0,[1138],[1138],[0.837],[0.759],1.596,False
Kali,Math,81,0,[1537],[1537],[0.471],[0.545],1.016,False
Kali,Closure,61,0,[1503],[1503],[0.714],[0.75],1.464,False
Kali,Closure,5,0,[1440],[1440],[0.714],[0.75],1.464,False
Kali,Closure,75,0,[332],[332],[0.088],[0.05],0.138,False
Kali,Closure,122,0,[252],[252],[0.333],[0.588],0.921,False
Kali,Closure,67,0,[100],[100],[0.75],[0.7],1.45,False
Kali,Closure,36,0,[1446],[1446],[0.714],[0.75],1.464,False
Kali,Closure,12,0,[400],[400],[0.7],[0.708],1.408,False
Kali,Closure,124,0,[214],[214],[0.481],[0.519],1.0,False
Kali,Closure,15,0,[370],[370],[0.7],[0.708],1.408,False
Kali,Closure,68,0,[885],[885],[0.25],[0.167],0.417,False
Kali,Closure,125,0,[202],[202],[0.833],[0.875],1.708,False
Kali,Closure,72,0,[1424],[1424],[0.714],[0.75],1.464,False
Kali,Closure,31,0,[1459],[1459],[0.714],[0.75],1.464,False
Kali,Closure,55,0,[79],[79],[0.667],[0.714],1.381,False
Kali,Closure,50,0,[1609],[1609],[0.714],[0.75],1.464,False
Kali,Closure,114,0,[1459],[1459],[0.714],[0.75],1.464,False
Kali,Closure,127,0,[170],[170],[0.889],[0.829],1.718,False
Kali,Closure,112,0,[1147],[1147],[0.788],[0.886],1.674,False
Kali,Closure,76,0,[1411],[1411],[0.714],[0.75],1.464,False
Kali,Closure,20,0,[1459],[1459],[0.714],[0.75],1.464,False
Kali,Closure,121,0,[1459],[1459],[0.714],[0.75],1.464,False
Kali,Closure,46,0,[142],[142],[0.759],[0.889],1.648,False
Kali,Closure,59,0,[263],[263],[0.818],[0.875],1.693,False
Kali,Closure,129,0,[1546],[1546],[0.846],[0.833],1.679,False
Kali,Closure,1,0,[396],[396],[0.771],[0.872],1.643,False
Kali,Closure,78,0,[54],[54],[0.906],[0.92],1.826,False
Kali,Closure,132,0,[1446],[1446],[0.714],[0.75],1.464,False
Kali,Closure,22,0,[111],[111],[0.778],[0.853],1.631,False
Kali,Closure,131,0,[1446],[1446],[0.714],[0.75],1.464,False
Kali,Closure,26,0,[1459],[1459],[0.714],[0.75],1.464,False
Kali,Closure,120,0,[1459],[1459],[0.714],[0.75],1.464,False
Kali,Closure,117,0,[1805],[1805],[0.429],[0.421],0.85,False
Kali,Closure,130,0,[476],[476],[0.375],[0.636],1.011,False
Kali,Closure,7,0,[395],[395],[0.714],[0.8],1.514,False
Kali,Closure,49,0,[1609],[1609],[0.714],[0.75],1.464,False
Kali,Closure,10,0,[1271],[1271],[0.41],[0.5],0.91,False
Kali,Closure,119,0,[158],[158],[0.897],[0.862],1.759,False
Kali,Closure,33,0,[570],[570],[0.806],[0.825],1.631,False
Kali,Closure,64,0,[61],[61],[0.892],[0.857],1.749,False
Kali,Closure,8,0,[1440],[1440],[0.714],[0.75],1.464,False
Kali,Closure,45,0,[1433],[1433],[0.714],[0.75],1.464,False
Kali,Closure,30,0,[1459],[1459],[0.714],[0.75],1.464,False
Kali,Closure,3,0,[405],[405],[0.7],[0.708],1.408,False
Kali,Closure,21,0,[120],[120],[0.805],[0.861],1.666,False
Kali,Closure,29,0,[1459],[1459],[0.714],[0.75],1.464,False
jKali,Chart,13,0,[444],[444],[0.854],[0.8],1.654,False
jKali,Chart,5,0,[563],[563],[0.882],[0.789],1.671,False
jKali,Chart,1,0,[1797],[1797],[0.826],[0.87],1.696,False
jKali,Chart,25,0,[207],[207],[0.323],[0.432],0.755,False
jKali,Math,28,0,[143],[143],[0.769],[0.846],1.615,False
jKali,Math,71,0,[63],[63],[0.714],[0.787],1.501,False
jKali,Math,32,0,[136],[136],[0.719],[0.792],1.511,False
jKali,Math,49,0,[664],[664],[0.8],[0.806],1.606,False
jKali,Math,8,0,[189],[189],[0.623],[0.654],1.277,False
jKali,Math,2,0,[137],[137],[0.84],[0.824],1.664,False
jKali,Math,80,0,[1136],[1136],[0.02],[0.032],0.052,False
jKali,Math,29,0,[139],[139],[0.806],[0.769],1.575,False
jKali,Closure,46,0,[142],[142],[0.759],[0.889],1.648,False
jKali,Closure,22,0,[116],[116],[0.4],[0.522],0.922,False
jKali,Closure,101,0,[94],[94],[0.824],[0.879],1.703,False
jKali,Closure,63,0,[97],[97],[0.619],[0.607],1.226,False
jKali,Closure,62,0,[97],[97],[0.619],[0.607],1.226,False
jKali,Closure,45,0,[735],[735],[0.452],[0.629],1.081,False
jKali,Closure,21,0,[118],[118],[0.221],[0.259],0.48,False
jKali,Lang,27,0,[488],[488],[0.773],[0.762],1.535,False
jKali,Lang,22,0,[584],[584],[0.1],[0.25],0.35,False
jKali,Lang,7,0,[453],[453],[0.95],[0.946],1.896,False
SimFix,Chart,12,0,[145],[145],[0.214],[0.375],0.589,False
SimFix,Chart,18,0,[318],[318],[1.0],[1.0],2.0,False
SimFix,Chart,25,0,[211],[211],[0.97],[0.923],1.893,False
SimFix,Chart,22,0,[345],[345],[0.435],[0.581],1.016,False
SimFix,Chart,3,0,[1056],[1056],[0.686],[0.829],1.515,False
SimFix,Math,44,0,[191],[191],[0.571],[0.655],1.226,False
SimFix,Math,72,0,[114],[114],[1.0],[0.64],1.64,False
SimFix,Math,50,0,[187],[187],[1.0],[0.333],1.333,False
SimFix,Math,88,0,[83],[83],[1.0],[0.974],1.974,False
SimFix,Math,84,0,[90],[90],[0.826],[0.762],1.588,False
SimFix,Math,1,0,[303],[303],[0.182],[0.029],0.211,False
SimFix,Math,85,0,[198],[198],[0.378],[0.604],0.982,False
SimFix,Math,69,0,[166],[166],[0.878],[0.815],1.693,False
SimFix,Math,63,0,[417],[417],[0.317],[0.5],0.817,False
SimFix,Math,73,0,[135],[135],[0.708],[0.75],1.458,False
SimFix,Math,82,0,[62],[62],[0.818],[0.86],1.678,False
SimFix,Math,8,0,[189],[189],[0.818],[0.828],1.646,False
SimFix,Math,43,0,[577],[577],[0.818],[0.8],1.618,False
SimFix,Math,80,0,[1137],[1137],[1.0],[0.923],1.923,False
SimFix,Math,6,0,[93],[93],[1.0],[0.818],1.818,False
SimFix,Math,81,0,[1537],[1537],[0.32],[0.56],0.88,False
SimFix,Closure,19,0,[211],[211],[1.0],[0.917],1.917,False
SimFix,Closure,46,0,[154],[154],[0.533],[0.652],1.185,False
SimFix,Closure,14,0,[767],[767],[1.0],[0.867],1.867,False
SimFix,Closure,22,0,[113],[113],[0.897],[0.917],1.814,False
SimFix,Closure,26,0,[478],[478],[0.711],[0.744],1.455,False
SimFix,Closure,126,0,[142],[142],[0.826],[0.88],1.706,False
SimFix,Closure,109,0,[1948],[1948],[0.6],[0.806],1.406,False
SimFix,Closure,108,0,[1834],[1834],[0.75],[0.714],1.464,False
SimFix,Closure,106,0,[1309],[1309],[0.737],[0.667],1.404,False
SimFix,Closure,107,0,[852],[852],[0.433],[0.333],0.766,False
SimFix,Closure,38,0,[245],[245],[0.579],[0.947],1.526,False
SimFix,Closure,57,0,[197],[197],[0.611],[0.818],1.429,False
SimFix,Closure,21,0,[119],[119],[0.907],[0.921],1.828,False
SimFix,Lang,61,0,[1778],[1778],[1.0],[0.861],1.861,False
SimFix,Lang,12,0,[231],[231],[0.643],[0.781],1.424,False
SimFix,Lang,50,0,[475],[475],[0.226],[0.216],0.442,False
SimFix,Lang,1,0,[468],[468],[0.737],[0.483],1.22,False
SimFix,Lang,27,0,[466],[466],[0.677],[0.63],1.307,False
SimFix,Lang,63,0,[436],[436],[1.0],[0.871],1.871,False
SimFix,Lang,16,0,[448],[448],[0.737],[0.786],1.523,False
SimFix,Lang,60,0,[1673],[1673],[0.688],[0.586],1.274,False
SimFix,Lang,10,0,[144],[144],[0.571],[0.738],1.309,False
SimFix,Lang,41,0,[172],[172],[1.0],[0.882],1.882,False
SimFix,Lang,45,0,[622],[622],[0.548],[0.913],1.461,False
SimFix,Lang,9,0,[144],[144],[0.571],[0.738],1.309,False
AVATAR,Chart,13,0,[85],[85],[0.435],[0.4],0.835,False
AVATAR,Chart,5,0,[527],[527],[1.0],[1.0],2.0,False
AVATAR,Chart,15,0,[212],[212],[0],[0],0.0,False
AVATAR,Chart,14,0,[2293],[2293],[0.704],[0.897],1.601,False
AVATAR,Chart,25,0,[173],[173],[0],[0],0.0,False
AVATAR,Chart,26,0,[2538],[2538],[0.786],[0.778],1.564,False
AVATAR,Chart,7,0,[552],[552],[1.0],[0.846],1.846,False
AVATAR,Math,50,0,[188],[188],[1.0],[1.0],2.0,False
AVATAR,Math,88,0,[338],[338],[1.0],[0.941],1.941,False
AVATAR,Math,84,0,[90],[90],[1.0],[0.895],1.895,False
AVATAR,Math,78,0,[269],[269],[1.0],[1.0],2.0,False
AVATAR,Math,49,0,[132],[132],[1.0],[0.931],1.931,False
AVATAR,Math,95,0,[148],[148],[1.0],[0.857],1.857,False
AVATAR,Math,62,0,[162],[162],[1.0],[0.938],1.938,False
AVATAR,Math,104,0,[162],[162],[1.0],[0.917],1.917,False
AVATAR,Math,82,0,[62],[62],[0.821],[0.909],1.73,False
AVATAR,Math,2,0,[130],[130],[1.0],[0.896],1.896,False
AVATAR,Math,57,0,[99],[99],[1.0],[0.952],1.952,False
AVATAR,Math,80,0,[1135],[1135],[0.825],[0.871],1.696,False
AVATAR,Math,6,0,[93],[93],[0.6],[0.75],1.35,False
AVATAR,Math,81,0,[1533],[1533],[1.0],[0.889],1.889,False
AVATAR,Closure,12,0,[112],[112],[0.684],[0.704],1.388,False
AVATAR,Closure,48,0,[1441],[1441],[1.0],[0.5],1.5,False
AVATAR,Closure,22,0,[111],[111],[1.0],[0.971],1.971,False
AVATAR,Closure,126,0,[143],[143],[1.0],[0.8],1.8,False
AVATAR,Closure,108,0,[422],[422],[1.0],[0.957],1.957,False
AVATAR,Closure,45,0,[735],[735],[0.419],[0.618],1.037,False
AVATAR,Closure,66,0,[1913],[1913],[0.5],[0.739],1.239,False
AVATAR,Closure,21,0,[119],[119],[1.0],[0.972],1.972,False
AVATAR,Lang,13,0,[254],[254],[0],[0],0.0,False
AVATAR,Lang,51,0,[677],[677],[0.725],[0.706],1.431,False
AVATAR,Lang,58,0,[454],[454],[0.758],[0.762],1.52,False
AVATAR,Lang,20,0,[3298],[3298],[0.388],[0.516],0.904,False
AVATAR,Lang,59,0,[880],[880],[1.0],[0.933],1.933,False
AVATAR,Lang,27,0,[488],[488],[1.0],[1.0],2.0,False
AVATAR,Lang,22,0,[584],[584],[0.526],[0.667],1.193,False
AVATAR,Lang,63,0,[437],[437],[1.0],[0.938],1.938,False
AVATAR,Lang,39,0,[3676],[3676],[1.0],[0.905],1.905,False
RSRepair,Chart,13,0,"[307, 87]","[307, 87]","[0.778, 0.733]","[0.826, 0.69]",1.514,False
RSRepair,Chart,5,0,[559],[559],[0.429],[0.444],0.873,False
RSRepair,Chart,12,0,[155],[155],[0.514],[0.469],0.983,False
RSRepair,Chart,25,0,"[110, 254]","[110, 254]","[0.609, 0.462]","[0.679, 0.211]",0.98,False
RSRepair,Math,58,0,"[592, 615]","[592, 610]","[0.72, 0.262]","[0.619, 0.375]",0.988,False
RSRepair,Math,28,0,[151],[151],[0.8],[0.727],1.527,False
RSRepair,Math,40,0,[257],[257],[0.333],[0.0],0.333,False
RSRepair,Math,84,0,"[66, 90]","[66, 91]","[0.263, 0.375]","[0.269, 0.667]",0.787,False
RSRepair,Math,103,0,"[170, 180]","[170, 192]","[0.119, 0.7]","[0.129, 0.5]",0.724,False
RSRepair,Math,85,0,"[199, 100]","[199, 100]","[0.0, 0.471]","[0.023, 0.35]",0.422,False
RSRepair,Math,95,0,[146],[146],[0.5],[0.68],1.18,False
RSRepair,Math,33,0,[338],[338],[0.595],[0.676],1.271,False
RSRepair,Math,82,0,[63],[63],[0.843],[0.795],1.638,False
RSRepair,Math,2,0,[137],[137],[0.36],[0.5],0.86,False
RSRepair,Math,80,0,[1136],[1136],[0.039],[0.091],0.13,False
RSRepair,Math,81,0,[1536],[1536],[0.711],[0.769],1.48,False
RSRepair,Closure,61,0,[1503],[1503],[0.846],[0.857],1.703,False
RSRepair,Closure,75,0,[301],[301],[0.417],[0.467],0.884,False
RSRepair,Closure,67,0,[88],[88],[0.778],[0.565],1.343,False
RSRepair,Closure,124,0,[171],[171],[0.25],[0.235],0.485,False
RSRepair,Closure,31,0,[1459],[1459],[0.846],[0.857],1.703,False
RSRepair,Closure,55,0,[90],[90],[0.769],[0.786],1.555,False
RSRepair,Closure,114,0,"[120, 1611]","[120, 1611]","[1.0, 0.643]","[0.786, 0.5]",1.465,False
RSRepair,Closure,127,0,[1457],[1457],[0.846],[0.857],1.703,False
RSRepair,Closure,112,0,[1119],[1119],[0.417],[0.618],1.035,False
RSRepair,Closure,121,0,[86],[86],[0.655],[0.694],1.349,False
RSRepair,Closure,59,0,[79],[79],[0.692],[0.667],1.359,False
RSRepair,Closure,129,0,[1546],[1546],[0.92],[0.905],1.825,False
RSRepair,Closure,78,0,[54],[54],[0.767],[0.696],1.463,False
RSRepair,Closure,22,0,[112],[112],[0.238],[0.328],0.566,False
RSRepair,Closure,120,0,[185],[185],[0.677],[0.706],1.383,False
RSRepair,Closure,130,0,[179],[179],[0.711],[0.581],1.292,False
RSRepair,Closure,10,0,[1271],[1271],[0.409],[0.533],0.942,False
RSRepair,Closure,33,0,[576],[576],[0.6],[0.667],1.267,False
RSRepair,Closure,45,0,[594],[594],[1.0],[0.778],1.778,False
RSRepair,Closure,21,0,[118],[118],[0.298],[0.412],0.71,False
RSRepair,Lang,13,0,[99],[99],[0.684],[0.632],1.316,False
RSRepair,Lang,16,0,[545],[545],[0.364],[0.235],0.599,False
RSRepair,Lang,7,0,[453],[453],[0.884],[0.878],1.762,False
SketchFix,Chart,11,1,[275],[275],[1.0],[1.0],2.0,True
SketchFix,Chart,20,1,[95],[95],[1.0],[0.933],1.933,True
SketchFix,Chart,1,1,[1797],[1797],[1.0],[1.0],2.0,True
SketchFix,Chart,24,1,[126],[126],[1.0],[0.933],1.933,True
SketchFix,Chart,8,1,[175],[175],[0.5],[0.545],1.045,True
SketchFix,Chart,9,1,[944],[944],[0.565],[0.72],1.285,True
SketchFix,Math,5,1,[305],[305],[1.0],[0.75],1.75,True
SketchFix,Math,50,1,[187],[187],[0.0],[0.0],0.0,True
SketchFix,Math,70,1,[72],[72],[0.826],[1.0],1.826,True
SketchFix,Math,59,1,[3482],[3482],[1.0],[1.0],2.0,True
SketchFix,Math,33,1,[338],[338],[1.0],[0.865],1.865,True
SketchFix,Math,82,1,[82],[82],[1.0],[0.96],1.96,True
SketchFix,Closure,14,1,[767],[767],[1.0],[0.933],1.933,True
SketchFix,Closure,126,1,[141],[141],[0.68],[0.815],1.495,True
SketchFix,Lang,59,1,[884],[884],[1.0],[0.919],1.919,True
SketchFix,Lang,6,1,[95],[95],[1.0],[0.889],1.889,True
CapGen,Chart,11,1,[274],[274],[1.0],[1.0],2.0,True
CapGen,Chart,11,2,[275],[275],[1.0],[1.0],2.0,True
CapGen,Chart,1,1,[1797],[1797],[1.0],[1.0],2.0,True
CapGen,Chart,24,1,[126],[126],[1.0],[0.933],1.933,True
CapGen,Chart,8,1,[175],[175],[0.5],[0.545],1.045,True
CapGen,Math,58,1,[121],[121],[0.667],[0.727],1.394,True
CapGen,Math,5,1,[305],[305],[0.478],[0.429],0.907,True
CapGen,Math,75,1,[303],[303],[1.0],[0.923],1.923,True
CapGen,Math,65,1,[258],[258],[0.514],[0.889],1.403,True
CapGen,Math,70,1,[72],[72],[0.75],[0.926],1.676,True
CapGen,Math,59,1,[3482],[3482],[1.0],[1.0],2.0,True
CapGen,Math,85,1,[198],[198],[0.556],[0.833],1.389,True
CapGen,Math,53,1,[153],[153],[0.422],[0.7],1.122,True
CapGen,Math,53,2,[152],[152],[0.422],[0.7],1.122,True
CapGen,Math,63,1,[417],[417],[0.25],[0.333],0.583,True
CapGen,Math,33,1,[338],[338],[1.0],[0.865],1.865,True
CapGen,Math,57,1,[175],[175],[1.0],[0.946],1.946,True
CapGen,Math,30,1,[173],[173],[1.0],[0.889],1.889,True
CapGen,Math,80,1,[1135],[1135],[0.825],[0.9],1.725,True
CapGen,Lang,59,1,[884],[884],[1.0],[0.919],1.919,True
CapGen,Lang,26,1,[820],[820],[0.8],[0.963],1.763,True
CapGen,Lang,43,1,[421],[421],[0.943],[0.879],1.822,True
CapGen,Lang,43,2,[420],[420],[0.769],[0.767],1.536,True
CapGen,Lang,43,3,[422],[422],[0.939],[0.781],1.72,True
CapGen,Lang,57,1,[223],[223],[0.36],[0.619],0.979,True
CapGen,Lang,57,2,[223],[223],[0.312],[0.56],0.872,True
CapGen,Lang,57,3,[223],[223],[0.455],[0.619],1.074,True
CapGen,Lang,6,1,[95],[95],[1.0],[0.889],1.889,True
SequenceR,Chart,11,1,[275],[275],[1.0],[1.0],2.0,True
SequenceR,Chart,1,1,[1797],[1797],[0.704],[1.0],1.704,True
SequenceR,Chart,9,1,[944],[944],[0.667],[0.857],1.524,True
SequenceR,Math,58,1,[121],[121],[0.667],[0.81],1.477,True
SequenceR,Math,5,1,[305],[305],[0.846],[0.667],1.513,True
SequenceR,Math,75,1,[303],[303],[0.391],[0.786],1.177,True
SequenceR,Math,85,1,[198],[198],[0.556],[0.912],1.468,True
SequenceR,Math,82,1,[82],[82],[0.853],[0.98],1.833,True
SequenceR,Math,82,2,[82],[82],[0.853],[0.98],1.833,True
SequenceR,Math,57,1,[175],[175],[1.0],[0.946],1.946,True
SequenceR,Math,30,1,[173],[173],[1.0],[0.789],1.789,True
SequenceR,Closure,18,1,[1288],[1288],[0.556],[0.75],1.306,True
SequenceR,Closure,73,1,[1045],[1045],[0.182],[0.25],0.432,True
SequenceR,Closure,73,2,[1045],[1045],[0.133],[0.5],0.633,True
SequenceR,Closure,86,1,[2465],[2465],[1.0],[0.867],1.867,True
SequenceR,Lang,59,1,[884],[884],[1.0],[0.892],1.892,True
SequenceR,Lang,6,1,[95],[95],[1.0],[0.882],1.882,True
SOFix,Chart,11,1,[274],[274],[1.0],[1.0],2.0,True
SOFix,Chart,1,1,[1797],[1797],[1.0],[1.0],2.0,True
SOFix,Chart,24,1,[126],[126],[0.733],[0.966],1.699,True
SOFix,Chart,26,1,[1192],[1192],[0.677],[0.692],1.369,True
SOFix,Chart,4,1,"[4492, 4503]","[4492, 4503]","[0.8, 0.6]","[0.833, 0.583]",1.408,True
SOFix,Time,19,1,[900],[900],[1.0],[0.9],1.9,True
SOFix,Math,58,1,[],[],[1],[1],2.0,True
SOFix,Math,5,1,[305],[305],[1.0],[0.75],1.75,True
SOFix,Math,75,1,[303],[303],[1.0],[0.923],1.923,True
SOFix,Math,50,1,[187],[187],[0.0],[0.0],0.0,True
SOFix,Math,70,1,[72],[72],[0.75],[0.926],1.676,True
SOFix,Math,59,1,[3482],[3482],[1.0],[1.0],2.0,True
SOFix,Math,85,1,[198],[198],[0.556],[0.833],1.389,True
SOFix,Math,34,1,[209],[209],[0.625],[0.9],1.525,True
SOFix,Math,33,1,[338],[338],[1.0],[0.865],1.865,True
SOFix,Math,82,1,[82],[82],[1.0],[0.96],1.96,True
SOFix,Math,2,1,[],[],[1],[1],2.0,True
SOFix,Math,57,1,[175],[175],[1.0],[0.946],1.946,True
SOFix,Math,80,1,[1135],[1135],[0.825],[0.9],1.725,True
SOFix,Lang,51,1,[682],[682],[0.833],[0.778],1.611,True
SOFix,Lang,59,1,[884],[884],[1.0],[0.919],1.919,True
SOFix,Lang,6,1,[95],[95],[1.0],[0.889],1.889,True
Jaid,Chart,1,1,[1797],[1797],[1.0],[1.0],2.0,True
Jaid,Chart,24,1,[126],[126],[0.974],[0.967],1.941,True
Jaid,Chart,24,2,[126],[126],[0.489],[0.625],1.114,True
Jaid,Chart,26,1,[1190],[1190],[0.568],[0.771],1.339,True
Jaid,Chart,26,2,[1191],[1191],[0.333],[0.375],0.708,True
Jaid,Chart,26,3,[1192],[1192],[0.351],[0.45],0.801,True
Jaid,Chart,9,1,[944],[944],[0.481],[0.76],1.241,True
Jaid,Chart,9,2,[944],[944],[0.448],[0.704],1.152,True
Jaid,Math,5,1,[303],[303],[0.4],[0.714],1.114,True
Jaid,Math,5,2,[305],[305],[0.417],[0.333],0.75,True
Jaid,Math,5,3,[300],[300],[0.5],[0.647],1.147,True
Jaid,Math,50,1,[187],[187],[0.167],[0.2],0.367,True
Jaid,Math,85,1,[198],[198],[1.0],[0.912],1.912,True
Jaid,Math,53,1,[153],[153],[0.355],[0.515],0.87,True
Jaid,Math,53,2,[152],[152],[0.355],[0.515],0.87,True
Jaid,Math,32,1,[136],[136],[0.644],[0.767],1.411,True
Jaid,Math,82,1,[82],[82],[1.0],[0.96],1.96,True
Jaid,Math,80,1,[1136],[1136],[0.0],[0.0],0.0,True
Jaid,Math,80,2,[1136],[1136],[0.868],[0.862],1.73,True
Jaid,Closure,18,1,[1288],[1288],[0.579],[0.81],1.389,True
Jaid,Closure,31,1,[1285],[1285],[0.846],[0.773],1.619,True
Jaid,Closure,40,1,[635],[635],[1.0],[0.953],1.953,True
Jaid,Closure,70,1,[1745],[1745],[1.0],[0.941],1.941,True
Jaid,Closure,63,1,[98],[98],[1.0],[1.0],2.0,True
Jaid,Closure,73,1,[1045],[1045],[1.0],[0.6],1.6,True
Jaid,Closure,126,1,[141],[141],[0.65],[0.783],1.433,True
Jaid,Closure,62,1,[98],[98],[0.736],[0.824],1.56,True
Jaid,Closure,33,1,[557],[557],[0.062],[0.0],0.062,True
Jaid,Lang,51,5,[672],[672],[0.195],[0.45],0.645,True
Jaid,Lang,51,1,[677],[677],[0.557],[0.517],1.074,True
Jaid,Lang,51,2,[672],[672],[0.25],[0.5],0.75,True
Jaid,Lang,51,4,[677],[677],[0.5],[0.567],1.067,True
Jaid,Lang,51,3,[677],[677],[0.5],[0.533],1.033,True
Jaid,Lang,51,6,[672],[672],[0.195],[0.5],0.695,True
Jaid,Lang,55,1,[118],[118],[0.588],[0.857],1.445,True
Jaid,Lang,33,1,[910],[910],[0.646],[0.696],1.342,True
Jaid,Lang,33,2,[910],[910],[0.62],[0.739],1.359,True
Jaid,Lang,38,1,[872],[872],[0.76],[0.771],1.531,True
Jaid,Lang,38,2,[872],[872],[0.76],[0.794],1.554,True
Jaid,Lang,38,4,[872],[872],[0.5],[0.595],1.095,True
Jaid,Lang,38,3,[872],[872],[0.5],[0.579],1.079,True
Jaid,Lang,45,1,[610],[610],[0.207],[0.381],0.588,True
SketchFix,Chart,1,1,[1797],[1797],[0.714],[0.71],1.424,False
SketchFix,Chart,1,2,[1798],[1798],[0.778],[0.656],1.434,False
SketchFix,Math,70,1,"[72, 91]","[72, 91]","[0.826, 0.75]","[1.0, 0.958]",1.767,False
SketchFix,Math,70,2,"[72, 91]","[72, 91]","[0.826, 0.75]","[1.0, 0.815]",1.696,False
SketchFix,Math,33,1,"[99, 108]","[99, 109]","[0.805, 0.846]","[0.816, 0.727]",1.597,False
SketchFix,Math,82,1,[82],[82],[1.0],[0.961],1.961,False
SketchFix,Math,82,2,[84],[84],[0.778],[0.939],1.717,False
SketchFix,Lang,6,1,[95],[95],[0.742],[0.889],1.631,False
SketchFix,Lang,6,2,[95],[95],[0.75],[0.842],1.592,False
CapGen,Math,5,1,[345],[345],[0.303],[0.591],0.894,False
CapGen,Math,5,2,[345],[345],[0.303],[0.591],0.894,False
CapGen,Math,5,3,[345],[345],[0.344],[0.636],0.98,False
CapGen,Math,85,1,[198],[198],[1.0],[0.886],1.886,False
CapGen,Math,85,2,[198],[198],[1.0],[1.0],2.0,False
CapGen,Math,85,3,[198],[198],[0.429],[0.842],1.271,False
CapGen,Math,63,5,[417],[417],[0.605],[0.619],1.224,False
CapGen,Math,63,1,[417],[417],[0.283],[0.333],0.616,False
CapGen,Math,63,7,[417],[417],[0.523],[0.652],1.175,False
CapGen,Math,63,8,[417],[417],[0.571],[0.609],1.18,False
CapGen,Math,63,2,[417],[417],[0.355],[0.667],1.022,False
CapGen,Math,63,4,[417],[417],[0.571],[0.542],1.113,False
CapGen,Math,63,3,[417],[417],[0.355],[0.471],0.826,False
CapGen,Math,63,6,[417],[417],[0.605],[0.75],1.355,False
CapGen,Math,80,5,[1139],[1139],[1.0],[0.926],1.926,False
CapGen,Math,80,1,[1136],[1136],[1.0],[0.893],1.893,False
CapGen,Math,80,7,[1135],[1135],[0.797],[0.818],1.615,False
CapGen,Math,80,10,[1139],[1139],[0.808],[0.963],1.771,False
CapGen,Math,80,8,[1135],[1135],[0.719],[0.844],1.563,False
CapGen,Math,80,2,[1135],[1135],[1.0],[0.9],1.9,False
CapGen,Math,80,4,[1140],[1140],[1.0],[0.913],1.913,False
CapGen,Math,80,3,[1136],[1136],[0.75],[0.862],1.612,False
CapGen,Math,80,9,[1139],[1139],[0.808],[0.963],1.771,False
CapGen,Math,80,6,[1139],[1139],[1.0],[0.926],1.926,False
CapGen,Lang,59,13,[883],[883],[0.814],[0.816],1.63,False
CapGen,Lang,59,11,[880],[880],[0.783],[0.83],1.613,False
CapGen,Lang,59,5,[884],[884],[0.767],[0.75],1.517,False
CapGen,Lang,59,12,[883],[883],[0.814],[0.816],1.63,False
CapGen,Lang,59,1,[880],[880],[0.818],[0.911],1.729,False
CapGen,Lang,59,7,[879],[879],[0.783],[0.826],1.609,False
CapGen,Lang,59,10,[880],[880],[0.783],[0.83],1.613,False
CapGen,Lang,59,8,[880],[880],[0.783],[0.891],1.674,False
CapGen,Lang,59,2,[880],[880],[0.818],[0.911],1.729,False
CapGen,Lang,59,4,[884],[884],[0.767],[0.75],1.517,False
CapGen,Lang,59,3,[879],[879],[0.783],[0.826],1.609,False
CapGen,Lang,59,9,[880],[880],[0.783],[0.891],1.674,False
CapGen,Lang,59,6,[881],[881],[0.783],[0.83],1.613,False
CapGen,Lang,43,1,[422],[422],[0.838],[0.694],1.532,False
SequenceR,Chart,1,2,[1797],[1797],[0.625],[0.88],1.505,False
SequenceR,Chart,1,4,[1797],[1797],[0.625],[0.88],1.505,False
SequenceR,Chart,1,3,[1797],[1797],[0.526],[0.846],1.372,False
SequenceR,Math,59,1,[3482],[3482],[1.0],[1.0],2.0,False
SequenceR,Math,85,13,[198],[198],[0.429],[0.889],1.318,False
SequenceR,Math,85,11,[198],[198],[0.405],[0.789],1.194,False
SequenceR,Math,85,5,[198],[198],[0.556],[0.886],1.442,False
SequenceR,Math,85,12,[198],[198],[0.417],[0.789],1.206,False
SequenceR,Math,85,15,[198],[198],[0.417],[0.789],1.206,False
SequenceR,Math,85,14,[198],[198],[0.417],[0.816],1.233,False
SequenceR,Math,85,16,[198],[198],[0.405],[0.865],1.27,False
SequenceR,Math,85,7,[198],[198],[0.429],[0.882],1.311,False
SequenceR,Math,85,10,[198],[198],[0.429],[0.882],1.311,False
SequenceR,Math,85,8,[198],[198],[0.455],[0.97],1.425,False
SequenceR,Math,85,2,[198],[198],[0.556],[0.857],1.413,False
SequenceR,Math,85,17,[198],[198],[0.405],[0.789],1.194,False
SequenceR,Math,85,4,[198],[198],[0.6],[0.882],1.482,False
SequenceR,Math,85,3,[198],[198],[0.6],[0.882],1.482,False
SequenceR,Math,85,9,[198],[198],[0.429],[0.889],1.318,False
SequenceR,Math,85,6,[198],[198],[0.429],[0.889],1.318,False
SequenceR,Math,63,1,[417],[417],[0.357],[0.533],0.89,False
SequenceR,Math,82,3,[82],[82],[0.75],[0.961],1.711,False
SequenceR,Math,80,1,[1135],[1135],[0.793],[0.897],1.69,False
SequenceR,Closure,123,1,[285],[285],[0.818],[0.812],1.63,False
SequenceR,Closure,18,5,[1288],[1288],[0.31],[0.773],1.083,False
SequenceR,Closure,18,1,[1288],[1288],[0.333],[0.905],1.238,False
SequenceR,Closure,18,4,[1288],[1288],[0.29],[0.783],1.073,False
SequenceR,Closure,18,3,[1288],[1288],[0.31],[0.857],1.167,False
SequenceR,Closure,73,1,[1045],[1045],[0.182],[0.25],0.432,False
SequenceR,Closure,86,5,[2465],[2465],[0.308],[0.565],0.873,False
SequenceR,Closure,86,2,[2465],[2465],[0.444],[0.684],1.128,False
SequenceR,Closure,86,4,[2465],[2465],[0.444],[0.619],1.063,False
SequenceR,Closure,86,3,[2465],[2465],[0.444],[0.765],1.209,False
SequenceR,Closure,93,5,[789],[789],[1.0],[0.636],1.636,False
SequenceR,Closure,93,1,[789],[789],[0.571],[0.727],1.298,False
SequenceR,Closure,93,10,[789],[789],[0.467],[0.727],1.194,False
SequenceR,Closure,93,8,[789],[789],[0.467],[1.0],1.467,False
SequenceR,Closure,93,2,[789],[789],[1.0],[0.636],1.636,False
SequenceR,Closure,93,4,[789],[789],[1.0],[0.889],1.889,False
SequenceR,Closure,93,3,[789],[789],[1.0],[0.636],1.636,False
SequenceR,Closure,93,9,[789],[789],[1.0],[0.636],1.636,False
SequenceR,Closure,93,6,[789],[789],[1.0],[0.636],1.636,False
SequenceR,Closure,38,1,[245],[245],[0.579],[0.895],1.474,False
SequenceR,Closure,38,2,[245],[245],[0.357],[0.818],1.175,False
SequenceR,Closure,38,3,[245],[245],[0.357],[0.9],1.257,False
SequenceR,Closure,92,5,[789],[789],[1.0],[0.636],1.636,False
SequenceR,Closure,92,1,[789],[789],[0.571],[0.727],1.298,False
SequenceR,Closure,92,7,[789],[789],[1.0],[0.636],1.636,False
SequenceR,Closure,92,10,[789],[789],[0.467],[0.727],1.194,False
SequenceR,Closure,92,8,[789],[789],[0.467],[1.0],1.467,False
SequenceR,Closure,92,2,[789],[789],[1.0],[0.636],1.636,False
SequenceR,Closure,92,4,[789],[789],[1.0],[0.889],1.889,False
SequenceR,Closure,92,3,[789],[789],[1.0],[0.636],1.636,False
SequenceR,Closure,92,9,[789],[789],[1.0],[0.636],1.636,False
SequenceR,Closure,92,6,[789],[789],[1.0],[0.636],1.636,False
SequenceR,Lang,6,2,[95],[95],[0.742],[0.882],1.624,False
SOFix,Math,2,1,[137],[137],[1.0],[1.0],2.0,False
SOFix,Math,2,2,[137],[137],[1.0],[1.0],2.0,False
Jaid,Chart,1,1,[1798],[1798],[0.583],[0.647],1.23,False
Jaid,Chart,1,2,[1797],[1797],[0.556],[0.733],1.289,False
Jaid,Chart,1,3,[1798],[1798],[0.553],[0.564],1.117,False
Jaid,Chart,26,1,[1190],[1190],[0.75],[0.594],1.344,False
Jaid,Chart,26,2,[1190],[1190],[0.611],[0.75],1.361,False
Jaid,Chart,9,1,[944],[944],[0.208],[0.24],0.448,False
Jaid,Chart,9,2,[947],[947],[0.156],[0.229],0.385,False
Jaid,Chart,9,3,[947],[947],[0.156],[0.211],0.367,False
Jaid,Math,50,1,[187],[187],[0.25],[0.0],0.25,False
Jaid,Math,50,3,[188],[188],[0.122],[0.083],0.205,False
Jaid,Math,85,1,[198],[198],[0.613],[0.892],1.505,False
Jaid,Math,85,2,[198],[198],[0.514],[0.805],1.319,False
Jaid,Math,85,4,[198],[198],[0.5],[0.786],1.286,False
Jaid,Math,85,3,[198],[198],[0.543],[0.721],1.264,False
Jaid,Math,53,1,[152],[152],[0.355],[0.515],0.87,False
Jaid,Math,53,2,[153],[153],[0.273],[0.5],0.773,False
Jaid,Math,53,3,[153],[153],[0.235],[0.5],0.735,False
Jaid,Math,32,1,[136],[136],[0.644],[0.767],1.411,False
Jaid,Math,82,1,[85],[85],[0.667],[0.793],1.46,False
Jaid,Math,82,2,[86],[86],[0.556],[0.727],1.283,False
Jaid,Math,82,4,[85],[85],[0.656],[0.677],1.333,False
Jaid,Math,82,3,[84],[84],[0.667],[0.838],1.505,False
Jaid,Math,80,1,[1136],[1136],[0.525],[0.613],1.138,False
Jaid,Math,80,2,[1136],[1136],[0.0],[0.0],0.0,False
Jaid,Math,80,3,[1136],[1136],[0.525],[0.562],1.087,False
Jaid,Closure,63,1,[98],[98],[0.736],[0.848],1.584,False
Jaid,Closure,62,1,[98],[98],[0.736],[0.848],1.584,False
Jaid,Closure,33,1,[568],[568],[0.422],[0.587],1.009,False
Jaid,Closure,33,2,[572],[572],[0.3],[0.558],0.858,False
Jaid,Lang,61,1,[1780],[1780],[0.692],[0.833],1.525,False
Jaid,Lang,61,2,[1780],[1780],[0.692],[0.833],1.525,False
Jaid,Lang,51,1,[677],[677],[0.493],[0.516],1.009,False
Jaid,Lang,51,2,[677],[677],[0.554],[0.6],1.154,False
Jaid,Lang,51,3,[672],[672],[0.275],[0.526],0.801,False
Jaid,Lang,55,1,[118],[118],[0.5],[0.639],1.139,False
Jaid,Lang,55,2,[118],[118],[0.441],[0.632],1.073,False
Jaid,Lang,55,3,[115],[115],[0.515],[0.703],1.218,False
Jaid,Lang,45,1,[610],[610],[0.207],[0.381],0.588,False
Jaid,Lang,45,2,[610],[610],[0.207],[0.381],0.588,False
